SALE TYPE,SOLD DATE,PROPERTY TYPE,ADDRESS,CITY,STATE OR PROVINCE,ZIP OR POSTAL CODE,PRICE,BEDS,BATHS,LOCATION,SQUARE FEET,LOT SIZE,YEAR BUILT,DAYS ON MARKET,$/SQUARE FEET,HOA/MONTH,STATUS,NEXT OPEN HOUSE START TIME,NEXT OPEN HOUSE END TIME,URL (SEE http://www.redfin.com/buy-a-home/comparative-market-analysis FOR INFO ON PRICING),SOURCE,MLS#,FAVORITE,INTERESTED,LATITUDE,LONGITUDE
MLS Listing,,Single Family Residential,400 Hillstone Dr,Raleigh,NC,27615,334900,3,1.5,Six Forks North,1207,11325,1980,1,277,,Active,,,http://www.redfin.com/NC/Raleigh/400-Hillstone-Dr-27615/home/41140745,TMLS,2413476,N,Y,35.8872855,-78.6516421
MLS Listing,,Townhouse,509 W Lenoir St,Raleigh,NC,27601,574900,2,2.5,Wake,1323,871,2018,1,435,214,Active,,,http://www.redfin.com/NC/Raleigh/509-W-Lenoir-St-27601/home/142125324,TMLS,2413475,N,Y,35.7730078,-78.6468675
MLS Listing,,Single Family Residential,402 Cole St,Raleigh,NC,27605,695000,2,2,Wake,1881,9583,1926,2,369,,Active,October-16-2021 01:00 PM,October-16-2021 04:00 PM,http://www.redfin.com/NC/Raleigh/402-Cole-St-27605/home/41068916,TMLS,2413058,N,Y,35.79708,-78.6440626
MLS Listing,,Single Family Residential,3745 Westbury Lake Dr,Raleigh,NC,27603,850000,4,3.5,Westbury,4131,26571,2005,48,206,42,Active,,,http://www.redfin.com/NC/Raleigh/3745-Westbury-Lake-Dr-27603/home/41290566,TMLS,2404323,N,Y,35.6651757,-78.7087133
MLS Listing,,Townhouse,5423 Pine Top Cir,Raleigh,NC,27612,250000,3,2.5,Ridgeloch Townes,1413,1742,1983,1,177,215,Active,,,http://www.redfin.com/NC/Raleigh/5423-Pine-Top-Cir-27612/home/41147132,TMLS,2413546,N,Y,35.8540059,-78.6671205
MLS Listing,,Single Family Residential,2224 Leadenhall Way,Raleigh,NC,27603,325000,3,2,Trailwood Springs,1861,6534,1995,1,175,28,Active,,,http://www.redfin.com/NC/Raleigh/2224-Leadenhall-Way-27603/home/41206103,TMLS,2413543,N,Y,35.7480171,-78.6866951
MLS Listing,,Townhouse,3722 Carnegie Ln,Raleigh,NC,27612-9999,320000,2,2,Carnegie Park,1712,1742,1992,1,187,,Active,,,http://www.redfin.com/NC/Raleigh/3722-Carnegie-Ln-27612/home/41192629,TMLS,2413540,N,Y,35.8347994,-78.693352
MLS Listing,,Single Family Residential,5320 Fairmead Cir,Raleigh,NC,27613,389900,3,2.5,Harrington Grove,1805,13503,1992,1,216,20,Active,,,http://www.redfin.com/NC/Raleigh/5320-Fairmead-Cir-27613/home/41171396,TMLS,2413524,N,Y,35.9203429,-78.746226
MLS Listing,,Multi-Family (2-4 Unit),646 Coleman Dr Unit 100 - 101,Raleigh,NC,27610,359900,3,5,Quarry Hills,,6098,2006,1,,,Pre On-Market,,,http://www.redfin.com/NC/Raleigh/646-Coleman-St-27610/unit-100-101/home/176725109,TMLS,2413521,N,Y,35.7706783,-78.6226952
MLS Listing,,Single Family Residential,2824 Crystal Oaks Ln,Raleigh,NC,27614,595000,4,3.5,Wakefield,3496,15681,2002,1,170,23,Active,,,http://www.redfin.com/NC/Raleigh/2824-Crystal-Oaks-Ln-27614/home/41253361,TMLS,2413505,N,Y,35.9469579,-78.5573458
MLS Listing,,Single Family Residential,6221 Old Miravalle Ct Lot 4,Raleigh,NC,27614,1195000,4,3.5,Wake,3784,55843,2021,1,316,195,Active,,,http://www.redfin.com/NC/Raleigh/6221-Old-Miravalle-Ct-27614/unit-4/home/176588538,TMLS,2413502,N,Y,35.9529446,-78.6737079
MLS Listing,,Vacant Land,6301 Stancil Farm Rd,Raleigh,NC,27603,2346030,,,Wake,,1858269,,1,,,Active,,,http://www.redfin.com/NC/Raleigh/6301-Stancil-Farm-Rd-27603/home/176724836,TMLS,2413498,N,Y,35.6176623,-78.6136055
MLS Listing,,Single Family Residential,5012 Royal Dornoch Dr,Raleigh,NC,27604,421000,3,3,Hedingham,2771,6534,1992,1,152,52,Active,,,http://www.redfin.com/NC/Raleigh/5012-Royal-Dornoch-Dr-27604/home/41185746,TMLS,2413495,N,Y,35.8041811,-78.5485835
MLS Listing,,Single Family Residential,4405 Glengrove Rd,Raleigh,NC,27616,499900,5,3,Old Milburnie Crossing,3527,14374,2014,1,142,30,Active,,,http://www.redfin.com/NC/Raleigh/4405-Glengrove-Rd-27616/home/45438047,TMLS,2413490,N,Y,35.8524689,-78.500344
MLS Listing,,Single Family Residential,6409 Malibu Dr,Raleigh,NC,27603,325000,3,2,Colonial Heights,1740,19602,1976,1,187,,Pre On-Market,,,http://www.redfin.com/NC/Raleigh/6409-Malibu-Dr-27603/home/41078577,TMLS,2413487,N,Y,35.6915626,-78.672538
MLS Listing,,Townhouse,9908 Kedzie Ct,Raleigh,NC,27617,249000,3,3.5,Wake,1677,1306,2006,1,148,130,Active,,,http://www.redfin.com/NC/Raleigh/9908-Kedzie-Ct-27617/home/41305618,TMLS,2413485,N,Y,35.9063465,-78.809184
MLS Listing,,Single Family Residential,715 Staley Ct,Raleigh,NC,27609-6361,3349000,6,7,Lakestone,9734,60548,2012,1,344,,Active,,,http://www.redfin.com/NC/Raleigh/715-Staley-Ct-27609/home/44597365,TMLS,2413484,N,Y,35.8353889,-78.6593876
MLS Listing,,Townhouse,2868 Wycliff Rd,Raleigh,NC,27607-3035,345000,3,3.5,Meredith Townes,2231,1742,1972,1,155,,Active,,,http://www.redfin.com/NC/Raleigh/2868-Wycliff-Rd-27607/home/41125374,TMLS,2413482,N,Y,35.8218172,-78.6886335
MLS Listing,,Townhouse,2610 Cottage Cir,Raleigh,NC,27613,289000,3,2,Westwood,1387,1742,1986,1,208,190,Active,,,http://www.redfin.com/NC/Raleigh/2610-Cottage-Cir-27613/home/41161065,TMLS,2413478,N,Y,35.878641,-78.682684
MLS Listing,,Single Family Residential,213 E Whitaker Mill Rd,Raleigh,NC,27608,549500,2,1,Five Points,1080,7405,1925,1,509,,Active,,,http://www.redfin.com/NC/Raleigh/213-E-Whitaker-Mill-Rd-27608/home/41338405,TMLS,2413471,N,Y,35.8072251,-78.6379455
MLS Listing,,Single Family Residential,7304 Sweet Bay Ln,Raleigh,NC,27615,245000,2,2.5,Newton Parish,1353,1742,1984,1,181,195,Active,,,http://www.redfin.com/NC/Raleigh/7304-Sweet-Bay-Ln-27615/home/41150173,TMLS,2413470,N,Y,35.8809114,-78.6390093
MLS Listing,,Townhouse,2209 Violet Bluff Ct,Raleigh,NC,27610,185000,2,2.5,Walnut Bluffs,1152,8712,1999,1,161,80,Active,,,http://www.redfin.com/NC/Raleigh/2209-Violet-Bluff-Ct-27610/home/41269577,TMLS,2413451,N,Y,35.7507546,-78.5608394
MLS Listing,,Single Family Residential,3020 Farrior Rd,Raleigh,NC,27607,1499000,4,4.5,Sunset Hills,3905,10890,2021,1,384,,Active,,,http://www.redfin.com/NC/Raleigh/3020-Farrior-Rd-27607/home/176722913,TMLS,2413443,N,Y,35.8073172,-78.6754663
MLS Listing,,Single Family Residential,3018 Farrior Rd,Raleigh,NC,27607,1485000,4,4.5,Sunset Hills,3590,10890,2021,1,414,,Active,,,http://www.redfin.com/NC/Raleigh/3018-Farrior-Rd-27607/home/41090833,TMLS,2413441,N,Y,35.8073928,-78.6753524
MLS Listing,,Single Family Residential,5405 Crestview Rd,Raleigh,NC,27609,1275000,5,4,Wake,3700,19602,2017,1,345,,Pre On-Market,,,http://www.redfin.com/NC/Raleigh/5405-Crestview-Rd-27609/home/69077838,TMLS,2413439,N,Y,35.8523475,-78.6372519
MLS Listing,,Single Family Residential,2913 Coxindale Dr,Raleigh,NC,27615,450000,4,2.5,Alyson Pond,2544,10018,1997,1,177,51,Pre On-Market,,,http://www.redfin.com/NC/Raleigh/2913-Coxindale-Dr-27615/home/41210744,TMLS,2413438,N,Y,35.8919919,-78.59272
MLS Listing,,Single Family Residential,4405 Birmingham Way,Raleigh,NC,27604,315000,3,2.5,Wake,1567,7405,1990,1,201,34,Pre On-Market,,,http://www.redfin.com/NC/Raleigh/4405-Birmingham-Way-27604/home/41335683,TMLS,2413437,N,Y,35.8168302,-78.5638006
MLS Listing,,Townhouse,1112 Renewal Pl,Raleigh,NC,27603,299900,3,2.5,Renaissance Park,1602,2308,2016,1,187,229,Active,,,http://www.redfin.com/NC/Raleigh/1112-Renewal-Pl-27603/home/106340874,TMLS,2413432,N,Y,35.7379528,-78.6525175
MLS Listing,,Single Family Residential,3613 Cove Dr,Raleigh,NC,27604-4047,350000,4,2,Colewood Acres,1892,20037,2003,1,185,,Pre On-Market,,,http://www.redfin.com/NC/Raleigh/3613-Cove-Dr-27604/home/41279869,TMLS,2413422,N,Y,35.8058246,-78.576221
MLS Listing,,Townhouse,5636 Berry Creek Cir,Raleigh,NC,27613,369000,3,2.5,Long Lake,1659,2178,2003,1,222,134,Active,,,http://www.redfin.com/NC/Raleigh/5636-Berry-Creek-Cir-27613/home/41360150,TMLS,2413413,N,Y,35.8783539,-78.7303169
MLS Listing,,Single Family Residential,3020 Mt Vernon Church Rd,Raleigh,NC,27613,425000,3,2,Wake,1923,123274,1994,1,221,,Pre On-Market,,,http://www.redfin.com/NC/Raleigh/3020-Mt-Vernon-Church-Rd-27613/home/41195693,TMLS,2413412,N,Y,35.9797711,-78.695689
MLS Listing,,Single Family Residential,5310 Western Blvd,Raleigh,NC,17606,325000,3,2,Sunset Terrace,1713,15681,1948,1,190,,Pre On-Market,,,http://www.redfin.com/NC/Raleigh/5310-Western-Blvd-27606/home/41118971,TMLS,2413392,N,Y,35.7868042,-78.7153133
MLS Listing,,Condo/Co-op,1299 Schaub Dr Apt A,Raleigh,NC,27616,155000,2,1,Driftwood,1000,,1972,1,155,212,Active,,,http://www.redfin.com/NC/Raleigh/1299-Schaub-Dr-27606/unit-A/home/41161703,TMLS,2413387,N,Y,35.7820411,-78.7068861
MLS Listing,,Single Family Residential,5245 Fairmead Cir,Raleigh,NC,27613,450000,4,2.5,Harrington Grove,2375,9583,1994,1,189,20,Pre On-Market,October-16-2021 01:00 PM,October-16-2021 03:00 PM,http://www.redfin.com/NC/Raleigh/5245-Fairmead-Cir-27613/home/41194913,TMLS,2413375,N,Y,35.9217831,-78.7490156
MLS Listing,,Condo/Co-op,1921 Clark Ave #115,Raleigh,NC,27605,294900,2,1,The Village Gardens,795,,1949,1,371,217,Pre On-Market,,,http://www.redfin.com/NC/Raleigh/1921-Clark-Ave-27605/unit-115/home/41326501,TMLS,2413374,N,Y,35.7887063,-78.656872
MLS Listing,,Single Family Residential,222 Glenwood Ave #521,Raleigh,NC,27603,475000,2,2,Downtown,1466,,2007,1,324,450,Active,,,http://www.redfin.com/NC/Raleigh/222-Glenwood-Ave-27603/unit-521/home/41328686,TMLS,2413356,N,Y,35.7836251,-78.6471448
MLS Listing,,Townhouse,9124 White Eagle Ct,Raleigh,NC,27617,495000,3,2.5,Brier Creek,3092,4356,2002,1,160,316,Active,,,http://www.redfin.com/NC/Raleigh/9124-White-Eagle-Ct-27617/home/41268929,TMLS,2413350,N,Y,35.9072118,-78.7927981
MLS Listing,,Single Family Residential,513 Chesterfield Rd,Raleigh,NC,27608,1699000,5,5,Budleigh,6300,19166,1951,1,270,,Pre On-Market,,,http://www.redfin.com/NC/Raleigh/513-Chesterfield-Rd-27608/home/41086013,TMLS,2413345,N,Y,35.8184303,-78.6679293
MLS Listing,,Single Family Residential,6105 River Rock Ct,Raleigh,NC,27604,314900,3,2.5,River Landings,1296,10890,1995,1,243,,Pre On-Market,,,http://www.redfin.com/NC/Raleigh/6105-River-Rock-Ct-27604/home/41184341,TMLS,2413344,N,Y,35.8432451,-78.5337191
MLS Listing,,Single Family Residential,2209 Castle Pines Dr,Raleigh,NC,27604-5444,325000,3,2.5,Hedingham,1525,6098,2000,1,213,52,Pre On-Market,,,http://www.redfin.com/NC/Raleigh/2209-Castle-Pines-Dr-27604/home/41248811,TMLS,2413337,N,Y,35.8125214,-78.539532
MLS Listing,,Condo/Co-op,1204 Schaub Dr Unit D,Raleigh,NC,27606,158000,2,1,Driftwood,909,,1972,1,174,232,Pre On-Market,,,http://www.redfin.com/NC/Raleigh/1204-Schaub-Dr-27606/unit-D/home/41159358,TMLS,2413322,N,Y,35.7821083,-78.7055017
MLS Listing,,Single Family Residential,9021 Duval Hill St,Raleigh,NC,27603,578900,3,2.5,Tavernier,2960,29185,2007,1,196,18,Active,,,http://www.redfin.com/NC/Raleigh/9021-Duval-Hill-St-27603/home/41316731,TMLS,2413320,N,Y,35.6316754,-78.6446167
MLS Listing,,Single Family Residential,2905 Glade Aster Ct,Raleigh,NC,27604-5469,354900,3,2.5,Weslyn,2250,5227,2005,1,158,33,Pre On-Market,,,http://www.redfin.com/NC/Raleigh/2905-Glade-Aster-Ct-27604/home/41358545,TMLS,2413316,N,Y,35.8177904,-78.5685471
MLS Listing,,Single Family Residential,11118 Emerald Creek Dr,Raleigh,NC,27617,645000,4,3.5,Brier Creek Country Club,3411,13503,2009,1,189,83,Pre On-Market,,,http://www.redfin.com/NC/Raleigh/11118-Emerald-Creek-Dr-27617/home/41330383,TMLS,2413310,N,Y,35.9076522,-78.8117836
MLS Listing,,Townhouse,807 Mill Greens Ct,Raleigh,NC,27609-4260,365000,2,2.5,North Hills Place,1728,5662,1996,1,211,200,Active,,,http://www.redfin.com/NC/Raleigh/807-Mill-Greens-Ct-27609/home/41343348,TMLS,2413305,N,Y,35.8569386,-78.6556608
MLS Listing,,Single Family Residential,808 Brooklyn St,Raleigh,NC,27605,530000,2,2,Wake,1162,4791,1909,1,456,,Active,,,http://www.redfin.com/NC/Raleigh/808-Brooklyn-St-27605/home/41089315,TMLS,2413289,N,Y,35.7908243,-78.6502791
MLS Listing,,Townhouse,407 Brier Crossings Loop,Durham,NC,27703,379000,3,2.5,Townes at Brier Creek Crossing,1736,2178,2014,1,218,148,Pre On-Market,,,http://www.redfin.com/NC/Durham/407-Brier-Crossings-Loop-27703/home/110075002,TMLS,2413285,N,Y,35.9214003,-78.7810243
MLS Listing,,Single Family Residential,6144 Blakeman Ln,Raleigh,NC,27617-8389,560000,3,2.5,Harrington Pointe,2576,7405,2006,1,217,164,Pre On-Market,October-16-2021 12:00 PM,October-16-2021 02:00 PM,http://www.redfin.com/NC/Raleigh/6144-Blakeman-Ln-27617/home/41313975,TMLS,2413281,N,Y,35.9132202,-78.7335609
MLS Listing,,Single Family Residential,2800 Jonesbury Way,Raleigh,NC,27604-4867,280000,3,2,Wake,1380,8276,1988,1,203,34,Pre On-Market,,,http://www.redfin.com/NC/Raleigh/2800-Jonesbury-Way-27604/home/41169569,TMLS,2413244,N,Y,35.8194408,-78.5629577
MLS Listing,,Single Family Residential,5520 Grand Traverse Dr,Raleigh,NC,27604,304900,3,2.5,Hedingham,1619,4356,1999,1,188,102,Pre On-Market,,,http://www.redfin.com/NC/Raleigh/5520-Grand-Traverse-Dr-27604/home/41223948,TMLS,2413242,N,Y,35.8077282,-78.5404195
MLS Listing,,Townhouse,8017 Sunset Branch Ct,Raleigh,NC,27612,250000,2,2.5,Townes at Umstead Park,1250,1873,2008,1,200,145,Pre On-Market,October-16-2021 01:00 PM,October-16-2021 03:00 PM,http://www.redfin.com/NC/Raleigh/8017-Sunset-Branch-Ct-27612/home/41310476,TMLS,2413239,N,Y,35.8805776,-78.7476097
MLS Listing,,Single Family Residential,701 Vick Ave,Raleigh,NC,27612,950000,5,3,Coley Forest,3251,13503,1973,1,292,,Active,,,http://www.redfin.com/NC/Raleigh/701-Vick-Ave-27612/home/41124137,TMLS,2413236,N,Y,35.8241368,-78.6710978
MLS Listing,,Single Family Residential,1209 Enderbury Dr,Raleigh,NC,27614,1200000,4,4,Faircroft,4801,67518,2002,2,250,156,Pre On-Market,October-16-2021 12:00 PM,October-16-2021 02:00 PM,http://www.redfin.com/NC/Raleigh/1209-Enderbury-Dr-27614/home/41252715,TMLS,2413235,N,Y,35.9243057,-78.6189045
MLS Listing,,Townhouse,2109 Persimmon Ridge Dr,Raleigh,NC,27604,244000,2,2.5,Hedingham,1156,3484,2003,2,211,124,Pre On-Market,,,http://www.redfin.com/NC/Raleigh/2109-Persimmon-Ridge-Dr-27604/home/41282549,TMLS,2413223,N,Y,35.813951,-78.544231
MLS Listing,,Townhouse,10702 Pendragon Pl,Raleigh,NC,27614,259900,3,2.5,Falls Commons Townhomes,1656,2613,2000,2,157,150,Pre On-Market,,,http://www.redfin.com/NC/Raleigh/10702-Pendragon-Pl-27614/home/41343818,TMLS,2413217,N,Y,35.9192578,-78.5671447
MLS Listing,,Single Family Residential,3316 Marshlane Way,Raleigh,NC,27525,295000,3,2.5,Chastain,1846,8276,2003,2,160,14,Pre On-Market,,,http://www.redfin.com/NC/Raleigh/3316-Marshlane-Way-27610/home/41268967,TMLS,2413209,N,Y,35.7362071,-78.5413956
MLS Listing,,Single Family Residential,7512 Leesville Rd,Durham,NC,27703,471000,3,2.5,Durham,1736,38768,1973,2,271,,Active,,,http://www.redfin.com/NC/Durham/7512-Leesville-Rd-27703/home/43586377,TMLS,2413201,N,Y,35.9238499,-78.7597749
MLS Listing,,Townhouse,3243 Warm Springs Ln,Raleigh,NC,27610,230000,4,3,Sunny Brook Estates,1502,,2014,2,153,120,Pre On-Market,,,http://www.redfin.com/NC/Raleigh/3243-Warm-Springs-Ln-27610/home/49703233,TMLS,2413194,N,Y,35.7509014,-78.592465
MLS Listing,,Single Family Residential,2713 Newbold St,Raleigh,NC,27603,495000,3,2,Hertford Village,1427,10018,1953,2,347,,Active,,,http://www.redfin.com/NC/Raleigh/2713-Newbold-St-27603/home/41072422,TMLS,2413192,N,Y,35.7462379,-78.6409598
MLS Listing,,Single Family Residential,1458 Tamarino Dr,Raleigh,NC,27610,250000,3,2.5,Farmington Woods,1513,5227,2018,2,165,10,Pre On-Market,,,http://www.redfin.com/NC/Raleigh/1458-Tamarino-Dr-27610/home/143670642,TMLS,2413191,N,Y,35.7395869,-78.6029235
MLS Listing,,Single Family Residential,7209 Nicolson Ct,Raleigh,NC,27616,279999,3,2.5,Smoketree,1438,9583,1987,2,195,66,Active,,,http://www.redfin.com/NC/Raleigh/7209-Nicolson-Ct-27616/home/41164913,TMLS,2413186,N,Y,35.879338,-78.5660519
MLS Listing,,Single Family Residential,204 Plainview Ave,Raleigh,NC,27604-2330,460000,3,2,Belvidere Park,1009,11761,1950,2,456,,Active,,,http://www.redfin.com/NC/Raleigh/204-Plainview-Ave-27604/home/41090406,TMLS,2413183,N,Y,35.7983029,-78.6229169
MLS Listing,,Single Family Residential,737 Loch Highlands Dr,Raleigh,NC,27606,925000,4,3.5,Swift Creek,4500,41382,1998,2,206,,Active,,,http://www.redfin.com/NC/Raleigh/737-Loch-Highlands-Dr-27606/home/41196435,TMLS,2413181,N,Y,35.7134388,-78.7736318
MLS Listing,,Single Family Residential,1044 Ileagnes Rd,Raleigh,NC,27603,399900,3,2.5,Renaissance Park,2080,10890,2011,2,192,132,Pre On-Market,,,http://www.redfin.com/NC/Raleigh/1044-Ileagnes-Rd-27603/home/41332076,TMLS,2413178,N,Y,35.73822,-78.6544787
MLS Listing,,Single Family Residential,5048 Avent Ferry Rd,Raleigh,NC,27606,875000,4,3.5,Wake,3099,91040,1963,2,282,,Pre On-Market,,,http://www.redfin.com/NC/Raleigh/5048-Avent-Ferry-Rd-27606/home/41099792,TMLS,2413158,N,Y,35.7585585,-78.717528
MLS Listing,,Single Family Residential,8513 Crowder Rd,Raleigh,NC,27603,599000,4,2.5,Nottingham Forest,2531,47044,1984,2,237,,Pre On-Market,,,http://www.redfin.com/NC/Raleigh/8513-Crowder-Rd-27603/home/41134989,TMLS,2413132,N,Y,35.6472393,-78.6398294
MLS Listing,,Single Family Residential,5925 Wessel Way,Raleigh,NC,27610,320000,5,3,Chastain,2412,7405,2003,2,133,14,Pre On-Market,,,http://www.redfin.com/NC/Raleigh/5925-Wessel-Way-27610/home/41297981,TMLS,2413145,N,Y,35.7344331,-78.5400201
MLS Listing,,Single Family Residential,700 Hanska Way,Raleigh,NC,27610,260000,3,2.5,Village Lakes,1450,5227,2001,2,179,47,Pre On-Market,,,http://www.redfin.com/NC/Raleigh/700-Hanska-Way-27610/home/41233427,TMLS,2413117,N,Y,35.7845705,-78.5524434
MLS Listing,,Single Family Residential,5804 Vintage Oak Ln,Raleigh,NC,27613,1799000,4,6,Wake,5619,43995,2022,2,320,,Active,,,http://www.redfin.com/NC/RALEIGH/5804-VINTAGE-OAK-LN-27613/home/174380936,TMLS,2413105,N,Y,35.940096,-78.700312
MLS Listing,,Single Family Residential,824 Coleman St,Raleigh,NC,27610,450000,3,2,Quarry Hills,1318,6098,1950,2,341,,Pre On-Market,,,http://www.redfin.com/NC/Raleigh/824-Coleman-St-27610/home/41113961,TMLS,2413104,N,Y,35.7685489,-78.6228726
MLS Listing,,Townhouse,5746 Corbon Crest Ln,Raleigh,NC,27612,265000,2,2.5,Delta Ridge,1428,1306,2000,2,186,186,Active,,,http://www.redfin.com/NC/Raleigh/5746-Corbon-Crest-Ln-27612/home/41267384,TMLS,2413101,N,Y,35.8572364,-78.7173176
MLS Listing,,Single Family Residential,200 W Roanoke Park Dr,Raleigh,NC,27608,950000,4,3,Five Points,2838,7840,1930,2,335,,Pre On-Market,,,http://www.redfin.com/NC/Raleigh/200-W-Roanoke-Park-Dr-27608/home/41081265,TMLS,2413078,N,Y,35.8035195,-78.6396743
MLS Listing,,Townhouse,10450 Dapping Dr,Raleigh,NC,27614,315000,2,2,Raven Pointe,1606,2613,2001,2,196,199,Pre On-Market,,,http://www.redfin.com/NC/Raleigh/10450-Dapping-Dr-27614/home/41257014,TMLS,2413070,N,Y,35.9143064,-78.5940948
MLS Listing,,Single Family Residential,8316 Trumpetor Way,Raleigh,NC,27613,385000,3,2,Eastwinds,1940,7405,1997,2,198,25,Active,,,http://www.redfin.com/NC/Raleigh/8316-Trumpetor-Way-27613/home/41216376,TMLS,2413055,N,Y,35.8974791,-78.7275378
MLS Listing,,Single Family Residential,1013 Portico Pl,Raleigh,NC,27603,389000,3,2.5,Nathans Landing,2357,30492,2000,3,165,4,Active,,,http://www.redfin.com/NC/Raleigh/1013-Portico-Pl-27603/home/41240420,TMLS,2413041,N,Y,35.5955682,-78.6533928
MLS Listing,,Townhouse,8013 Sycamore Hill Ln,Raleigh,NC,27612,319900,2,3,Townes at Umstead Park,1599,1742,2006,3,200,149,Active,,,http://www.redfin.com/NC/Raleigh/8013-Sycamore-Hill-Ln-27612/home/41357910,TMLS,2413037,N,Y,35.8803733,-78.7436687
MLS Listing,,Single Family Residential,4824 Tommans Trl,Raleigh,NC,27616,284362,3,2,Park at Valley Stream,1458,5227,2003,3,195,28,Pre On-Market,,,http://www.redfin.com/NC/Raleigh/4824-Tommans-Trl-27616/home/41271693,TMLS,2413029,N,Y,35.8410653,-78.5622036
MLS Listing,,Single Family Residential,9109 Hometown Dr,Raleigh,NC,27615-3162,824900,5,4.5,Bent Tree,3830,24829,1994,3,215,115,Pre On-Market,,,http://www.redfin.com/NC/Raleigh/9109-Hometown-Dr-27615/home/41193488,TMLS,2413014,N,Y,35.9037876,-78.6374135
MLS Listing,,Townhouse,10020 Blackwell Dr,Raleigh,NC,27617-4270,289900,2,2.5,Wake,1353,3049,2006,3,214,130,Pre On-Market,,,http://www.redfin.com/NC/Raleigh/10020-Blackwell-Dr-27617/home/41304655,TMLS,2413012,N,Y,35.9055803,-78.8084094
MLS Listing,,Townhouse,4624 Townesbury Ln,Raleigh,NC,27612,245000,2,2.5,Richland Townes,1212,1306,1986,3,202,187,Active,,,http://www.redfin.com/NC/Raleigh/4624-Townesbury-Ln-27612/home/41177858,TMLS,2413007,N,Y,35.8350314,-78.7173176
MLS Listing,,Single Family Residential,504 Frank St,Raleigh,NC,27604,419900,2,1,Mordecai,910,6098,1938,3,461,,Active,October-16-2021 01:00 PM,October-16-2021 03:00 PM,http://www.redfin.com/NC/Raleigh/504-Frank-St-27604/home/41090993,TMLS,2412998,N,Y,35.7960882,-78.6274833
MLS Listing,,Single Family Residential,5717 Winthrop Dr,Raleigh,NC,27612,575000,4,2.5,Brookhaven,2557,23958,1963,3,225,,Pre On-Market,October-16-2021 12:00 PM,October-16-2021 02:00 PM,http://www.redfin.com/NC/Raleigh/5717-Winthrop-Dr-27612/home/41107341,TMLS,2412986,N,Y,35.8581227,-78.6901953
MLS Listing,,Single Family Residential,3964 White Kestrel Dr,Raleigh,NC,27616-9795,365000,3,2.5,Massey Preserve,2196,6534,2016,3,166,50,Active,,,http://www.redfin.com/NC/Raleigh/3964-White-Kestrel-Dr-27616/home/103925631,TMLS,2412983,N,Y,35.8675941,-78.5233793
MLS Listing,,Single Family Residential,5208 Bridget Dr,Raleigh,NC,27603,399900,3,3.5,42 West,2618,43560,1988,3,153,,Pre On-Market,,,http://www.redfin.com/NC/Raleigh/5208-Bridget-Dr-27603/home/171421595,TMLS,2412979,N,Y,35.5936806,-78.612941
MLS Listing,,Single Family Residential,5501 Tarrywood Ct,Raleigh,NC,27609,575000,3,2.5,Cedar Hills Estates,1927,13503,1970,3,298,,Active,,,http://www.redfin.com/NC/Raleigh/5501-Tarrywood-Ct-27609/home/41080718,TMLS,2412975,N,Y,35.8536802,-78.6316063
MLS Listing,,Single Family Residential,4113 Mackinac Island Ln,Raleigh,NC,27610,274900,3,2,Battle Ridge,1286,8276,1999,3,214,13,Active,,,http://www.redfin.com/NC/Raleigh/4113-Mackinac-Island-Ln-27610/home/41241134,TMLS,2412971,N,Y,35.7228389,-78.5332754
MLS Listing,,Condo/Co-op,625 New Bern Ave #104,Raleigh,NC,27601-1546,555000,3,3.5,Wake,1617,,2021,3,343,225,Active,,,http://www.redfin.com/NC/Raleigh/625-New-Bern-Ave-27601/unit-104/home/176709137,TMLS,2412965,N,Y,35.7803411,-78.6275944
MLS Listing,,Single Family Residential,7317 Shellburne Dr,Raleigh,NC,27615,315000,3,2.5,Village on the Green,1475,8712,1983,3,214,,Pre On-Market,,,http://www.redfin.com/NC/Raleigh/7317-Shellburne-Dr-27612/home/41144389,TMLS,2412964,N,Y,35.873022,-78.6554537
MLS Listing,,Single Family Residential,8633 Valley Brook Dr,Raleigh,NC,27613,595000,5,2.5,Springdale Estates,2670,30492,1975,3,223,,Active,,,http://www.redfin.com/NC/Raleigh/8633-Valley-Brook-Dr-27613/home/41125560,TMLS,2412963,N,Y,35.8962239,-78.7079713
MLS Listing,,Townhouse,8017 River Gold Ln,Raleigh,NC,27616,245000,3,2.5,Southall Commons,1357,1742,2006,3,181,165,Active,,,http://www.redfin.com/NC/Raleigh/8017-River-Gold-Ln-27616/home/41313543,TMLS,2412962,N,Y,35.8783288,-78.5341518
MLS Listing,,Single Family Residential,837 Oxen Cir,Raleigh,NC,27603,525000,4,3,Hudson Meadows,,24829,2004,3,,11,Pre On-Market,,,http://www.redfin.com/NC/Raleigh/837-Oxen-Cir-27603/home/41294820,TMLS,2412952,N,Y,35.6205885,-78.6435307
MLS Listing,,Condo/Co-op,210 E Davie St #210,Raleigh,NC,27601,475000,2,1.5,Founders Row,1444,,1986,3,329,275,Active,,,http://www.redfin.com/NC/Raleigh/210-E-Davie-St-27601/unit-210/home/176708762,TMLS,2412951,N,Y,35.7751719,-78.6358501
MLS Listing,,Condo/Co-op,1204 Schaub Dr Unit B,Raleigh,NC,27606,160000,2,1.5,Driftwood,922,,1972,3,174,228,Active,,,http://www.redfin.com/NC/Raleigh/1204-Schaub-Dr-27606/unit-B/home/41161870,TMLS,2412933,N,Y,35.7821083,-78.7055017
MLS Listing,,Single Family Residential,715 Penn Rd,Raleigh,NC,27604,1200000,4,3.5,Wake,4194,8712,2021,3,286,,Pre On-Market,,,http://www.redfin.com/NC/Raleigh/715-Penn-Rd-27604/home/41071606,TMLS,2412926,N,Y,35.7882886,-78.6215868
MLS Listing,,Single Family Residential,7207 Monarda Ct,Raleigh,NC,27616,339900,3,2.5,Brighton,1902,5662,2004,3,179,17,Active,,,http://www.redfin.com/NC/Raleigh/7207-Monarda-Ct-27616/home/41289363,TMLS,2412904,N,Y,35.8911718,-78.5168998
MLS Listing,,Single Family Residential,328 Chavis Way,Raleigh,NC,27601,475000,3,2,Wake,1136,6534,1996,3,418,,Active,,,http://www.redfin.com/NC/Raleigh/328-Chavis-Way-27601/home/41213881,TMLS,2412902,N,Y,35.7755392,-78.6317392
MLS Listing,,Single Family Residential,3975 Massey Wood Trl,Raleigh,NC,27616,425000,4,3,Massey Preserve,2909,5662,2008,3,146,25,Pre On-Market,,,http://www.redfin.com/NC/Raleigh/3975-Massey-Wood-Trl-27616/home/41318066,TMLS,2412901,N,Y,35.8644751,-78.5217595
MLS Listing,,Single Family Residential,3321 Slippery Elm Dr,Raleigh,NC,27610,359990,3,2.5,Elmwood,1731,5967,2021,3,208,30,Active,,,http://www.redfin.com/NC/Raleigh/3321-Slippery-Elm-Dr-27610/home/176707560,TMLS,2412899,N,Y,35.7400075,-78.5981474
MLS Listing,,Single Family Residential,12209 Pawleys Mill Cir,Raleigh,NC,27614,659900,4,3.5,Wakefield,3920,10454,2004,3,168,23,Active,,,http://www.redfin.com/NC/Raleigh/12209-Pawleys-Mill-Cir-27614/home/41275948,TMLS,2412897,N,Y,35.961652,-78.5536413
MLS Listing,,Single Family Residential,7108 Falls Glen Ct,Raleigh,NC,27614,900000,4,5.5,Falls View,5268,129373,2003,3,171,,Pre On-Market,,,http://www.redfin.com/NC/Raleigh/7108-Falls-Glen-Ct-27614/home/41235168,TMLS,2412885,N,Y,35.9806626,-78.6356625
MLS Listing,,Townhouse,1802 Sara Ln,Raleigh,NC,27606,262500,4,3.5,Hunters Creek,1680,4356,1985,3,156,225,Active,,,http://www.redfin.com/NC/Raleigh/1802-Sara-Ln-27606/home/41141932,TMLS,2412882,N,Y,35.7762007,-78.6907332
MLS Listing,,Condo/Co-op,1901 Trailwood Heights Ln #301,Raleigh,NC,27603,165000,2,2,Trailwood Heights,902,,2000,3,183,256,Pre On-Market,,,http://www.redfin.com/NC/Raleigh/1901-Trailwood-Heights-Ln-27603/unit-301/home/41257105,TMLS,2412875,N,Y,35.7509707,-78.686097
MLS Listing,,Single Family Residential,1421 Starry Night Ct #26,Raleigh,NC,27613,1186000,4,4.5,Wake,4293,39204,2022,3,276,125,Active,,,http://www.redfin.com/NC/Raleigh/1421-Starry-Night-CT-27613/unit-26/home/176706724,TMLS,2412869,N,Y,35.97615756,-78.69049538
MLS Listing,,Single Family Residential,9028 Leverton Ln,Raleigh,NC,27615,1045000,4,3.5,Traemoor Manor,4025,32670,2000,3,260,60,Pre On-Market,,,http://www.redfin.com/NC/Raleigh/9028-Leverton-Ln-27615/home/41249343,TMLS,2412864,N,Y,35.9048699,-78.669771
MLS Listing,,Single Family Residential,3702 Randell Rd,Garner,NC,27529,270000,3,1,Cloverdale,1209,23086,1957,3,223,,Pre On-Market,October-16-2021 12:00 PM,October-16-2021 02:00 PM,http://www.redfin.com/NC/Garner/3702-Randell-Rd-27529/home/41071778,TMLS,2412859,N,Y,35.7283784,-78.6175854
MLS Listing,,Single Family Residential,1725 Kingston Heath Way,Raleigh,NC,27604-5834,299900,3,2.5,Hedingham,1452,5227,1990,3,207,55,Pre On-Market,,,http://www.redfin.com/NC/Raleigh/1725-Kingston-Heath-Way-27604/home/41185232,TMLS,2412858,N,Y,35.8043846,-78.5498258
MLS Listing,,Townhouse,2741 Oberlin Rd #103,Raleigh,NC,27608,749900,4,3.5,Oberlin Ridge,2122,435,2012,4,353,285,Active,,,http://www.redfin.com/NC/Raleigh/2741-Oberlin-Rd-27608/unit-103/home/44526045,TMLS,2412845,N,Y,35.812254,-78.657904
MLS Listing,,Townhouse,8811 Thornton Town Pl,Raleigh,NC,27616,278000,2,3,Thornton Commons,2060,1306,2008,4,135,120,Active,October-17-2021 01:00 PM,October-17-2021 05:00 PM,http://www.redfin.com/NC/Raleigh/8811-Thornton-Town-Pl-27616/home/41322905,TMLS,2412842,N,Y,35.8985049,-78.5533708
MLS Listing,,Vacant Land,2701 Ridge Rd,Raleigh,NC,27612-4717,575000,,,Tucker Farms,,16988,,4,,,Active,,,http://www.redfin.com/NC/Raleigh/2701-Ridge-Rd-27612/home/44527203,TMLS,2412836,N,Y,35.828938,-78.675343
MLS Listing,,Vacant Land,3505 Valley Ct,Raleigh,NC,27612-4730,575000,,,Westchester,,16552,,4,,,Active,,,http://www.redfin.com/NC/Raleigh/3505-Valley-Ct-27612/home/163153439,TMLS,2412834,N,Y,35.829079,-78.67625
MLS Listing,,Single Family Residential,3565 Massey Ridge Ct,Raleigh,NC,27616-9799,380000,3,2.5,Massey Preserve,2131,9147,2017,4,178,50,Active,,,http://www.redfin.com/NC/Raleigh/3565-Massey-Ridge-Ct-27616/home/109239140,TMLS,2412822,N,Y,35.8680118,-78.5268408
MLS Listing,,Townhouse,3414 Star View Dr,Raleigh,NC,27610,301580,2,2.5,Wake,1437,1742,2022,4,210,130,Active,,,http://www.redfin.com/NC/Raleigh/3414-Star-St-27610/home/176689707,TMLS,2412821,N,Y,35.7606,-78.5766
MLS Listing,,Townhouse,3416 Star View Dr,Raleigh,NC,27610,322980,3,2.5,Wake,1463,2178,2022,4,221,130,Active,,,http://www.redfin.com/NC/Raleigh/3416-Star-St-27610/home/176689698,TMLS,2412820,N,Y,35.7606,-78.5766
MLS Listing,,Townhouse,3412 Star View Dr,Raleigh,NC,27610,310715,3,2.5,Wake,1458,1742,2022,4,213,130,Active,,,http://www.redfin.com/NC/Raleigh/3412-Star-St-27610/home/176689694,TMLS,2412819,N,Y,35.7606,-78.5766
MLS Listing,,Townhouse,3410 Star View Dr,Raleigh,NC,27610,334575,3,2.5,Wake,1463,2178,2022,4,229,130,Active,,,http://www.redfin.com/NC/Raleigh/3410-Star-St-27610/home/176689644,TMLS,2412816,N,Y,35.7606,-78.5766
MLS Listing,,Single Family Residential,7008 Twyford Pl,Raleigh,NC,27612,459000,3,2.5,Greystone,1991,11761,1992,4,231,21,Active,,,http://www.redfin.com/NC/Raleigh/7008-Twyford-Pl-27612/home/41191502,TMLS,2412805,N,Y,35.881275,-78.672826
MLS Listing,,Single Family Residential,9405 Dominion Blvd,Raleigh,NC,27617,387900,4,2.5,Dominion Park,2211,9583,1992,4,175,47,Pre On-Market,October-16-2021 02:00 PM,October-16-2021 04:00 PM,http://www.redfin.com/NC/Raleigh/9405-Dominion-Blvd-27617/home/41193287,TMLS,2412798,N,Y,35.9112597,-78.7412664
MLS Listing,,Condo/Co-op,3710 Pardue Woods Pl #102,Raleigh,NC,27606,230000,3,3,University Woods,1257,,2002,5,183,215,Active,,,http://www.redfin.com/NC/Raleigh/3710-Pardue-Woods-Pl-27606/unit-102/home/41280526,TMLS,2412782,N,Y,35.749457,-78.6976543
MLS Listing,,Single Family Residential,625 Locust Ln,Raleigh,NC,27603,244900,3,2,Rangewood,1278,22651,1967,5,192,,Active,,,http://www.redfin.com/NC/Raleigh/625-Locust-Ln-27603/home/41088314,TMLS,2412763,N,Y,35.7057243,-78.6493373
MLS Listing,,Townhouse,2109 Metacomet Way,Raleigh,NC,27604,290000,3,2.5,Hedingham,1455,3441,2003,5,199,,Active,,,http://www.redfin.com/NC/Raleigh/2109-Metacomet-Way-27604/home/41271289,TMLS,2412748,N,Y,35.813267,-78.544983
MLS Listing,,Townhouse,840 Oak Center Dr,Raleigh,NC,27610,299625,2,2.5,Wake,1450,1785,2022,5,207,130,Active,,,http://www.redfin.com/NC/Raleigh/840-Oak-Bridge-Dr-27610/home/176687486,TMLS,2412745,N,Y,35.7699759,-78.58018343
MLS Listing,,Townhouse,842 Oak Center Dr,Raleigh,NC,27610,299850,2,2.5,Wake,1439,1742,2022,5,208,130,Active,,,http://www.redfin.com/NC/Raleigh/842-Oak-Bridge-Dr-27610/home/176687448,TMLS,2412744,N,Y,35.76994979,-78.58014052
MLS Listing,,Single Family Residential,1101 S Blount St,Raleigh,NC,27601-2609,525000,3,2.5,Wake,1710,4356,2018,5,307,,Pre On-Market,,,http://www.redfin.com/NC/Raleigh/1101-S-Blount-St-27601/home/56427317,TMLS,2412743,N,Y,35.766977,-78.636874
MLS Listing,,Single Family Residential,5017 Dawn Piper Dr,Raleigh,NC,27613,362300,3,2.5,Harrington Grove,1537,4791,1999,5,236,25,Active,,,http://www.redfin.com/NC/Raleigh/5017-Dawn-Piper-Dr-27613/home/41237733,TMLS,2412734,N,Y,35.9218482,-78.7430377
MLS Listing,,Townhouse,5820 Sentinel Dr,Raleigh,NC,27609,429900,3,2.5,Whitehall Townhomes,2411,3049,1978,5,178,290,Pre On-Market,,,http://www.redfin.com/NC/Raleigh/5820-Sentinel-Dr-27609/home/41231147,TMLS,2412733,N,Y,35.8612277,-78.6102806
MLS Listing,,Townhouse,846 Oak Center Dr,Raleigh,NC,27610,322910,3,2.5,Wake,1463,2265,2022,5,221,130,Active,,,http://www.redfin.com/NC/Raleigh/846-Oak-Bridge-Dr-27610/home/176687405,TMLS,2412731,N,Y,35.77000202,-78.58012979
MLS Listing,,Single Family Residential,7659 Birchmoor Way,Raleigh,NC,27616,444900,4,4.5,Bryson Village,2863,6969,2014,5,155,50,Active,,,http://www.redfin.com/NC/Raleigh/7659-Birchmoor-Way-27616/home/52417698,TMLS,2412725,N,Y,35.8387241,-78.5051379
MLS Listing,,Single Family Residential,12901 Barsanlaw Dr,Raleigh,NC,27613,899000,3,3,Barsanlaw Acres,2734,140045,1971,5,329,,Pre On-Market,,,http://www.redfin.com/NC/Raleigh/12901-Barsanlaw-Dr-27613/home/41153662,TMLS,2412720,N,Y,35.935716,-78.6991889
MLS Listing,,Single Family Residential,613 Fox Chase Ct,Raleigh,NC,27606,365000,3,2.5,Hunters Creek West,1924,20908,1977,5,190,,Active,,,http://www.redfin.com/NC/Raleigh/613-Fox-Chase-Ct-27606/home/41130348,TMLS,2412710,N,Y,35.7729733,-78.7034861
MLS Listing,,Single Family Residential,1604 Kirkby Ln,Raleigh,NC,27614,1550000,4,4.5,The Moorlands,5385,39204,2003,5,288,79,Active,,,http://www.redfin.com/NC/Raleigh/1604-Kirkby-Ln-27614/home/41268811,TMLS,2412704,N,Y,35.9484446,-78.6817547
MLS Listing,,Townhouse,4706 Parkville Dr,Raleigh,NC,27604-2826,169900,2,2.5,Green Park Townes,1153,871,2006,5,147,97,Pre On-Market,,,http://www.redfin.com/NC/Raleigh/4706-Parkville-Dr-27604/home/41271679,TMLS,2412690,N,Y,35.842522,-78.593626
MLS Listing,,Condo/Co-op,400 W North St #1222,Raleigh,NC,27603,280000,1,1,West Condominiums,782,,2008,6,358,374,Active,,,http://www.redfin.com/NC/Raleigh/400-W-North-St-27603/unit-1222/home/41328675,TMLS,2412686,N,Y,35.7852674,-78.6452816
MLS Listing,,Townhouse,7236 Galon Glen Rd,Raleigh,NC,27613,329900,2,3,Long Lake,1890,1742,2003,6,175,130,Pre On-Market,,,http://www.redfin.com/NC/Raleigh/7236-Galon-Glen-Rd-27613/home/41265763,TMLS,2412678,N,Y,35.8784535,-78.7273717
MLS Listing,,Townhouse,8823 Camden Park Dr,Raleigh,NC,27613,269900,2,2.5,Camden Park,1294,1306,2004,6,209,144,Pre On-Market,,,http://www.redfin.com/NC/Raleigh/8823-Camden-Park-Dr-27613/home/41291384,TMLS,2412675,N,Y,35.8965541,-78.739639
MLS Listing,,Townhouse,2235 Violet Bluff Ct,Raleigh,NC,27610-3152,205000,3,2.5,Walnut Bluffs,1150,1306,2000,6,178,80,Pre On-Market,,,http://www.redfin.com/NC/Raleigh/2235-Violet-Bluff-Ct-27610/home/41274078,TMLS,2412674,N,Y,35.750499,-78.56156
MLS Listing,,Single Family Residential,2421 New Bern Ave,Raleigh,NC,27610,842000,3,2.5,Longview Gardens,3557,29185,1967,6,237,,Active,October-16-2021 12:00 PM,October-16-2021 03:00 PM,http://www.redfin.com/NC/Raleigh/2421-New-Bern-Ave-27610/home/41224201,TMLS,2412669,N,Y,35.781652,-78.5952922
MLS Listing,,Single Family Residential,5809 Iris Lake Ct,Raleigh,NC,27604,262000,3,2,Riverbend,1116,8712,1986,6,235,16,Pre On-Market,,,http://www.redfin.com/NC/Raleigh/5809-Iris-Lake-Ct-27604/home/41168505,TMLS,2412649,N,Y,35.8336312,-78.5399757
MLS Listing,,Single Family Residential,201 Rosehaven Dr,Raleigh,NC,27609,414900,4,2.5,Colony Woods,1835,11761,1984,6,226,,Pre On-Market,October-16-2021 02:00 PM,October-16-2021 04:00 PM,http://www.redfin.com/NC/Raleigh/201-Rosehaven-Dr-27609/home/41152086,TMLS,2412643,N,Y,35.8587326,-78.6369702
MLS Listing,,Single Family Residential,5504 Bridgeman Ct,Durham,NC,27703,401000,3,2.5,Harrington Pines,1567,8276,2003,6,256,,Active,,,http://www.redfin.com/NC/Durham/5504-Bridgeman-Ct-27703/home/43592879,TMLS,2412640,N,Y,35.9262886,-78.7562328
MLS Listing,,Single Family Residential,4925 Enlightenment Rd #2117,Raleigh,NC,27616,475260,4,3,Wake,2581,6098,2022,6,184,99,Active,,,http://www.redfin.com/NC/Brentwood/4925-Enlightenment-RD-27616/unit-2117/home/176685759,TMLS,2412636,N,Y,35.85816329,-78.5416692
MLS Listing,,Single Family Residential,43 Fox Crossing Dr,Raleigh,NC,27603,345000,3,2.5,Waverly Pointe,2269,36590,2005,6,152,,Pre On-Market,,,http://www.redfin.com/NC/Raleigh/43-Fox-Crossing-Dr-27603/home/43739961,TMLS,2412634,N,Y,35.5735975,-78.6128966
MLS Listing,,Single Family Residential,6041 Bellow St,Raleigh,NC,27609,425000,3,2,Wake,2251,13503,1973,6,189,,Active,,,http://www.redfin.com/NC/Raleigh/6041-Bellow-St-27609/home/41067497,TMLS,2412627,N,Y,35.8679627,-78.6500021
MLS Listing,,Single Family Residential,5005 Huntingdon Dr,Raleigh,NC,27606,365000,3,2.5,Devonwood,1461,22651,1966,6,250,,Active,,,http://www.redfin.com/NC/Raleigh/5005-Huntingdon-Dr-27606/home/41105067,TMLS,2412601,N,Y,35.7784771,-78.7091562
MLS Listing,,Single Family Residential,805 Berwyn Way,Raleigh,NC,27615,550000,4,3,Woods Of Tiffany,2750,9147,1993,6,200,75,Pre On-Market,,,http://www.redfin.com/NC/Raleigh/805-Berwyn-Way-27615/home/41160849,TMLS,2412591,N,Y,35.9175284,-78.6744656
MLS Listing,,Single Family Residential,1127 Ricochet Ct,Raleigh,NC,27610,240000,4,2,Idlewood Village,1314,7840,2007,6,183,25,Pre On-Market,October-15-2021 04:00 PM,October-15-2021 06:00 PM,http://www.redfin.com/NC/Raleigh/1127-Ricochet-Dr-27610/home/41306199,TMLS,2412583,N,Y,35.7355195,-78.6199464
MLS Listing,,Single Family Residential,5612 Beardall St,Raleigh,NC,27616,537100,3,2.5,Wake,2470,6969,2018,6,217,99,Active,,,http://www.redfin.com/NC/Raleigh/5612-Beardall-St-27616/home/163042346,TMLS,2412572,N,Y,35.8629157,-78.5350508
MLS Listing,,Single Family Residential,5817 Claribel Ct,Raleigh,NC,27612,725000,5,3.5,Tennyson Place,4042,11325,2007,6,179,70,Active,,,http://www.redfin.com/NC/Raleigh/5817-Claribel-Ct-27612/home/41324891,TMLS,2412557,N,Y,35.8632054,-78.6843911
MLS Listing,,Single Family Residential,8701 Bluff Pointe Ct,Raleigh,NC,27615,525000,5,4,Hunters Knoll,3300,10018,1995,6,159,11,Pre On-Market,,,http://www.redfin.com/NC/Raleigh/8701-Bluff-Pointe-Ct-27615/home/41202948,TMLS,2412556,N,Y,35.8968309,-78.5835791
MLS Listing,,Townhouse,2933 Wycliff Rd,Raleigh,NC,27607,289800,3,2.5,Meredith Townes,1426,1742,1969,6,203,289,Pre On-Market,,,http://www.redfin.com/NC/Raleigh/2933-Wycliff-Rd-27607/home/41087469,TMLS,2412548,N,Y,35.8220699,-78.691557
MLS Listing,,Townhouse,3820 Essex Garden Ln,Raleigh,NC,27612,589000,4,3.5,The Essex at Glen Eden,2637,3484,2015,6,223,210,Active,October-17-2021 01:00 PM,October-17-2021 03:00 PM,http://www.redfin.com/NC/Raleigh/3820-Essex-Garden-Ln-27612/home/57211524,TMLS,2412543,N,Y,35.8326624,-78.6997163
MLS Listing,,Single Family Residential,9512 Anson Grove Ln,Raleigh,NC,27615,387000,3,2,Anson Grove,1500,8276,1997,6,258,,Active,,,http://www.redfin.com/NC/Raleigh/9512-Anson-Grove-Ln-27615/home/41203835,TMLS,2412542,N,Y,35.9049934,-78.5907243
MLS Listing,,Single Family Residential,6847 Paint Rock Ln,Raleigh,NC,27610,332000,3,2.5,Griffis Glen,1604,6534,2006,6,207,,Active,,,http://www.redfin.com/NC/Raleigh/6847-Paint-Rock-Ln-27610/home/41307434,TMLS,2412537,N,Y,35.7309949,-78.5375353
MLS Listing,,Townhouse,14312 Foxcroft Rd,Raleigh,NC,27614,317900,3,3,Kingston,1693,1306,2013,6,188,207,Active,,,http://www.redfin.com/NC/Raleigh/14312-Foxcroft-Rd-27614/home/59276774,TMLS,2412531,N,Y,35.9558869,-78.5452115
MLS Listing,,Single Family Residential,3407 Arrowwood Dr,Raleigh,NC,27604-2509,300000,3,2.5,Brentwood,1700,12196,1966,6,176,,Pre On-Market,,,http://www.redfin.com/NC/Raleigh/3407-Arrowwood-Dr-27604/home/41089708,TMLS,2412523,N,Y,35.8286364,-78.5930748
MLS Listing,,Single Family Residential,15 S Pettigrew St,Raleigh,NC,27610,475000,3,2.5,Battery Heights,1673,6969,2021,6,284,,Active,,,http://www.redfin.com/NC/Raleigh/15-S-Pettigrew-St-27610/home/174384624,TMLS,2412521,N,Y,35.7796545,-78.6205759
MLS Listing,,Single Family Residential,6804 Fereday Ct,Raleigh,NC,27616,350000,3,2,Coventry,1477,6969,1995,6,237,,Active,,,http://www.redfin.com/NC/Raleigh/6804-Fereday-Ct-27616/home/41205895,TMLS,2412503,N,Y,35.8647049,-78.5488053
MLS Listing,,Single Family Residential,10409 Leslie Dr,Raleigh,NC,27615-1245,589500,4,2.5,Stone Creek,3257,54885,1988,6,181,70,Pre On-Market,,,http://www.redfin.com/NC/Raleigh/10409-Leslie-Dr-27615/home/41160119,TMLS,2412468,N,Y,35.9259474,-78.6598636
MLS Listing,,Single Family Residential,3612 Penhurst Pl,Raleigh,NC,27613,560000,3,2,Cambridge,2004,43995,1976,6,279,,Active,,,http://www.redfin.com/NC/Raleigh/3612-Penhurst-Pl-27613/home/41130661,TMLS,2412460,N,Y,35.9020264,-78.6981478
MLS Listing,,Single Family Residential,5413 Neuse Forest Rd,Raleigh,NC,27616,350000,3,2,The Park at Perry Creek,1379,8276,2003,6,254,33,Pre On-Market,,,http://www.redfin.com/NC/Raleigh/5413-Neuse-Forest-Rd-27616/home/41276620,TMLS,2412454,N,Y,35.8973056,-78.5469862
MLS Listing,,Multi-Family (2-4 Unit),604 - 606 Rawls Dr,Raleigh,NC,27610,314900,4,4,Country Club View,1800,12196,1980,6,175,,Active,,,http://www.redfin.com/NC/Raleigh/604-Rawls-Dr-27610/home/41139721,TMLS,2412448,N,Y,35.7747739,-78.5875941
MLS Listing,,Single Family Residential,1221 Dixie Trl,Raleigh,NC,27607,975000,4,3.5,Ralina,3210,36154,1961,6,304,,Pre On-Market,,,http://www.redfin.com/NC/Raleigh/1221-Dixie-Trl-27607/home/41071554,TMLS,2412446,N,Y,35.803748,-78.6775514
MLS Listing,,Single Family Residential,9032 Chelsea Dr,Raleigh,NC,27603,1350000,4,4.5,Banks Pointe,6431,87120,2006,6,210,82,Active,,,http://www.redfin.com/NC/Raleigh/9032-Chelsea-Dr-27603/home/41290088,TMLS,2412445,N,Y,35.6364562,-78.7021349
MLS Listing,,Condo/Co-op,1008 Sandlin Pl Unit J,Raleigh,NC,27606-5119,165000,3,2,Driftwood,1225,,1972,7,135,232,Active,,,http://www.redfin.com/NC/Raleigh/1008-Sandlin-Pl-27606/unit-J/home/41158841,TMLS,2412431,N,Y,35.7836278,-78.7039879
MLS Listing,,Condo/Co-op,1321 Crab Orchard Dr #302,Raleigh,NC,27606,235000,4,4,Lake Park,1220,,1999,7,193,185,Active,,,http://www.redfin.com/NC/Raleigh/1321-Crab-Orchard-Dr-27606/unit-302/home/41244931,TMLS,2412428,N,Y,35.7624435,-78.7023121
MLS Listing,,Townhouse,5304 Big Bass Dr,Raleigh,NC,27610-5394,230000,3,2.5,EdgeWtr,1380,1742,2005,7,167,100,Active,,,http://www.redfin.com/NC/Raleigh/5304-Big-Bass-Dr-27610/home/41298051,TMLS,2412427,N,Y,35.797016,-78.5448232
MLS Listing,,Single Family Residential,3210 Britmass Dr,Raleigh,NC,27616,450000,4,2.5,Holden Ridge,2584,5227,2018,7,174,15,Active,,,http://www.redfin.com/NC/Raleigh/3210-Britmass-Dr-27616/home/146009011,TMLS,2412424,N,Y,35.8716324,-78.5273391
MLS Listing,,Single Family Residential,2147 Wake Dr,Raleigh,NC,27608,1100000,3,3,Bloomsbury at Five Points,2297,8276,1929,7,479,,Active,,,http://www.redfin.com/NC/Raleigh/2147-Wake-Dr-27608/home/41069281,TMLS,2412398,N,Y,35.811542,-78.6510216
MLS Listing,,Single Family Residential,4928 Enlightenment Rd #2130,Raleigh,NC,27616,495485,4,3,Wake,2729,7405,2022,7,182,99,Active,,,http://www.redfin.com/NC/Brentwood/4928-Enlightenment-RD-27616/unit-2130/home/176675776,TMLS,2412390,N,Y,35.85765137,-78.54181849
MLS Listing,,Townhouse,2513 Blooming St,Raleigh,NC,27612,450000,4,3,Towns at Crabtree,2431,6098,2008,7,185,140,Active,,,http://www.redfin.com/NC/Raleigh/2513-Blooming-St-27612/home/41314192,TMLS,2412378,N,Y,35.8455489,-78.6773459
MLS Listing,,Single Family Residential,9120 Meadow Mist Ct,Raleigh,NC,27617,822000,4,4.5,Brier Creek,3776,13068,2003,7,218,171,Active,,,http://www.redfin.com/NC/Raleigh/9120-Meadow-Mist-Ct-27617/home/41268801,TMLS,2412374,N,Y,35.9129746,-78.7919571
MLS Listing,,Single Family Residential,8909 Walking Stick Trl,Raleigh,NC,27615,475000,4,2.5,Durant Trails,2658,9147,1993,7,179,29,Pre On-Market,,,http://www.redfin.com/NC/Raleigh/8909-Walking-Stick-Trl-27615/home/41188027,TMLS,2412371,N,Y,35.8991299,-78.5847813
MLS Listing,,Single Family Residential,2668 Pebble Meadow Ln,Raleigh,NC,27610,275000,3,2.5,Quarry Pointe,1525,7405,2006,7,180,17,Pre On-Market,,,http://www.redfin.com/NC/Raleigh/2668-Pebble-Meadow-Ln-27610/home/41297617,TMLS,2412339,N,Y,35.7406938,-78.5864223
MLS Listing,,Single Family Residential,11028 Astor Hill Dr,Raleigh,NC,27613,315000,3,2.5,Harrington Meadows,1341,4791,2001,7,235,45,Active,,,http://www.redfin.com/NC/Raleigh/11028-Astor-Hill-Dr-27613/home/43593020,TMLS,2412338,N,Y,35.934989,-78.743538
MLS Listing,,Single Family Residential,4009 Willow Oak Rd,Raleigh,NC,27604-4726,295000,3,1.5,Oak Haven,1713,20908,1971,7,172,,Active,,,http://www.redfin.com/NC/Raleigh/4009-Willow-Oak-Rd-27604/home/41069744,TMLS,2412323,N,Y,35.8063382,-78.5688576
MLS Listing,,Single Family Residential,924 Palace Garden Way,Raleigh,NC,27603,479900,5,4,Renaissance Park,3072,8712,2013,7,156,77,Pre On-Market,,,http://www.redfin.com/NC/Raleigh/924-Palace-Garden-Way-27603/home/45449999,TMLS,2412318,N,Y,35.73993,-78.6587334
MLS Listing,,Townhouse,7732 Weathered Oak Way,Raleigh,NC,27616,413900,3,2.5,Bryson Village,1882,2613,2015,7,220,138,Active,,,http://www.redfin.com/NC/Raleigh/7732-Weathered-Oak-Way-27616/home/59282199,TMLS,2412305,N,Y,35.8401074,-78.5048139
MLS Listing,,Single Family Residential,5820 Kohler Ln,Raleigh,NC,27616,391200,3,2.5,Jamisons Run,1921,6098,2008,7,204,42,Active,,,http://www.redfin.com/NC/Raleigh/5820-Kohler-Ln-27616/home/41326328,TMLS,2412301,N,Y,35.860568,-78.5633674
MLS Listing,,Townhouse,6023 Dixon Dr,Raleigh,NC,27609,209800,2,2.5,Northclift,1441,1306,1976,7,146,289,Pre On-Market,,,http://www.redfin.com/NC/Raleigh/6023-Dixon-Dr-27609/home/41131472,TMLS,2412289,N,Y,35.8618873,-78.6505451
MLS Listing,,Single Family Residential,3616 Hamilton Mill Dr,Raleigh,NC,27616,325000,3,2,McKinley Mill,1400,13068,2004,7,232,29,Pre On-Market,October-23-2021 01:30 PM,October-23-2021 03:30 PM,http://www.redfin.com/NC/Raleigh/3616-Hamilton-Mill-Dr-27616/home/41295632,TMLS,2412280,N,Y,35.8789889,-78.5108193
MLS Listing,,Single Family Residential,5129 Peakwood Dr,Raleigh,NC,27603,300000,3,2,Sandy Ridge,1449,20037,2001,7,207,,Active,October-17-2021 01:00 PM,October-17-2021 03:00 PM,http://www.redfin.com/NC/Raleigh/5129-Peakwood-Dr-27603/home/41251707,TMLS,2412268,N,Y,35.6337581,-78.6632096
MLS Listing,,Townhouse,1306 Cameron View Ct,Raleigh,NC,27607,445000,3,3.5,Cameron View,1944,1306,2002,7,229,190,Active,,,http://www.redfin.com/NC/Raleigh/1306-Cameron-View-Ct-27607/home/41256877,TMLS,2412259,N,Y,35.8007833,-78.6620466
MLS Listing,,Single Family Residential,1305 Brook Bluff Rd,Knightdale,NC,27545,385000,3,2.5,Cheswick,2596,6969,2015,7,148,55,Pre On-Market,,,http://www.redfin.com/NC/Knightdale/1305-Brook-Bluff-Rd-27545/home/100772480,TMLS,2412258,N,Y,35.7636814,-78.5281722
MLS Listing,,Townhouse,301 Broad Leaf Cir,Raleigh,NC,27613,248000,2,2.5,Autumn Chase,1244,,1985,7,199,242,Active,,,http://www.redfin.com/NC/Raleigh/301-Broad-Leaf-Cir-27613/home/41158505,TMLS,2412242,N,Y,35.8713229,-78.6980048
MLS Listing,,Single Family Residential,3417 Grosbeak Way,Raleigh,NC,27616,399990,5,3.5,Massey Preserve South,3015,7405,2015,7,133,57,Active,,,http://www.redfin.com/NC/Raleigh/3417-Grosbeak-Way-27616/home/102070895,TMLS,2412237,N,Y,35.8652,-78.5168554
MLS Listing,,Condo/Co-op,4110 Sedgewood Dr #202,Raleigh,NC,27612,188000,2,1.5,Richland Run,968,,1985,7,194,213,Active,,,http://www.redfin.com/NC/Raleigh/4110-Sedgewood-Dr-27612/unit-202/home/41152620,TMLS,2412225,N,Y,35.8357497,-78.7165757
MLS Listing,,Townhouse,4126 Kaplan Dr,Raleigh,NC,27606,255500,2,2.5,Falcon Ridge,1106,1306,1985,7,231,155,Active,,,http://www.redfin.com/NC/Raleigh/4126-Kaplan-Dr-27606/home/41162780,TMLS,2412209,N,Y,35.7742069,-78.692061
MLS Listing,,Condo/Co-op,2441 Campus Shore Dr #211,Raleigh,NC,27606,289900,1,1,Lake Shore,703,,2021,7,412,189,Active,,,http://www.redfin.com/NC/Raleigh/2441-Campus-Shore-Dr-27606/unit-211/home/176672688,TMLS,2412188,N,Y,35.7678662,-78.6809497
MLS Listing,,Single Family Residential,7609 Longstreet Dr,Raleigh,NC,27615,349900,3,2,Six Forks North,1221,10018,1973,8,287,,Active,,,http://www.redfin.com/NC/Raleigh/7609-Longstreet-Dr-27615/home/41121554,TMLS,2412141,N,Y,35.8799412,-78.6498822
MLS Listing,,Single Family Residential,4932 Enlightenment Rd #2131,Raleigh,NC,27616,518760,5,3,Wake,2909,8712,2022,8,178,99,Active,,,http://www.redfin.com/NC/Brentwood/4932-Enlightenment-RD-27616/unit-2131/home/176660644,TMLS,2412134,N,Y,35.8575983,-78.54162111
MLS Listing,,Single Family Residential,1200 E Hargett St,Raleigh,NC,27610,432000,3,2,Battery Heights,1220,6969,1957,8,354,,Active,,,http://www.redfin.com/NC/Raleigh/1200-E-Hargett-St-27610/home/41112972,TMLS,2412128,N,Y,35.777499,-78.6205228
MLS Listing,,Single Family Residential,4416 Gates St,Raleigh,NC,27609,1795000,4,5.5,North Hills,4568,20908,2022,8,393,,Active,,,http://www.redfin.com/NC/Raleigh/4416-Gates-St-27609/home/41099533,TMLS,2412107,N,Y,35.8418567,-78.6456677
MLS Listing,,Single Family Residential,3601 Fairstone Rd,Wake Forest,NC,27587,499000,4,3,Stonegate,2990,9147,2018,8,167,60,Pre On-Market,,,http://www.redfin.com/NC/Wake-Forest/3601-Fairstone-Rd-27587/home/146857422,TMLS,2412095,N,Y,35.9064208,-78.5098545
MLS Listing,,Townhouse,1412 Mapleside Ct,Raleigh,NC,27609,324900,3,3,North Ridge Villas Homes,2400,2178,1986,8,135,238,Pre On-Market,,,http://www.redfin.com/NC/Raleigh/1412-Mapleside-Ct-27609/home/41170707,TMLS,2412082,N,Y,35.865108,-78.6131149
MLS Listing,,Single Family Residential,725 Mial St,Raleigh,NC,27608,474900,2,1.5,Hi Mount,1245,8712,1954,8,381,,Active,,,http://www.redfin.com/NC/Raleigh/725-Mial-St-27608/home/41109654,TMLS,2412078,N,Y,35.8112033,-78.627173
MLS Listing,,Townhouse,3620 Lion Ridge Ct,Raleigh,NC,27612,459000,3,2.5,Laurel Woods,2500,3920,2001,8,184,220,Pre On-Market,October-16-2021 12:00 PM,October-16-2021 02:00 PM,http://www.redfin.com/NC/Raleigh/3620-Lion-Ridge-Ct-27612/home/41268540,TMLS,2411981,N,Y,35.8335084,-78.7033532
MLS Listing,,Single Family Residential,1405 Ujamaa Dr,Raleigh,NC,27610,330000,4,3,Tryon Place,1766,7840,2014,8,187,20,Pre On-Market,,,http://www.redfin.com/NC/Raleigh/1405-Ujamaa-Dr-27610/home/57360555,TMLS,2411968,N,Y,35.734336,-78.6148254
MLS Listing,,Townhouse,2739 Laurelcherry St,Raleigh,NC,27612-5444,419000,3,3.5,The Townes at Crabtree,2369,1742,2006,8,177,140,Active,,,http://www.redfin.com/NC/Raleigh/2739-Laurel-Cherry-St-27612/home/41311703,TMLS,2411938,N,Y,35.8445302,-78.677357
MLS Listing,,Townhouse,2553 Blackwolf Run Ln,Raleigh,NC,27604,285000,3,2.5,Hedingham,1419,,2000,8,201,120,Active,,,http://www.redfin.com/NC/Raleigh/2553-Blackwolf-Run-Ln-27604/home/41279922,TMLS,2411933,N,Y,35.8139854,-78.5391216
MLS Listing,,Single Family Residential,1808 Wilshire Ave,Raleigh,NC,27608,736000,3,3.5,Hayes Barton Terrace,2165,9147,1950,9,340,,Active,,,http://www.redfin.com/NC/Raleigh/1808-Wilshire-Ave-27608/home/41082271,TMLS,2411879,N,Y,35.8022041,-78.6563402
MLS Listing,,Townhouse,224 Shale Creek Dr,Durham,NC,27703,469900,3,3,Durham,2288,4356,2019,9,205,176,Pre On-Market,,,http://www.redfin.com/NC/Durham/224-Shale-Creek-Dr-27703/home/148555523,TMLS,2411871,N,Y,35.922873,-78.778003
MLS Listing,,Townhouse,4867 Sir Duncan Way,Raleigh,NC,27612,285000,2,2.5,Glenwood North Townhomes,1248,130,2005,9,228,155,Pre On-Market,,,http://www.redfin.com/NC/Raleigh/4867-Sir-Duncan-Way-27612/home/41300360,TMLS,2411847,N,Y,35.8588868,-78.7172069
MLS Listing,,Single Family Residential,7812 Haymarket Ln,Raleigh,NC,27615,450000,4,3,North Ridge,2010,13503,1972,9,224,,Active,,,http://www.redfin.com/NC/Raleigh/7812-Haymarket-Ln-27615/home/41096577,TMLS,2411840,N,Y,35.8901846,-78.6137834
MLS Listing,,Single Family Residential,3100 Moss Oak Cir,Raleigh,NC,27606,570000,4,2.5,Oaklyn,2928,46609,1995,9,195,,Active,,,http://www.redfin.com/NC/Raleigh/3100-Moss-Oak-Cir-27606/home/41200418,TMLS,2411824,N,Y,35.688622,-78.7374137
MLS Listing,,Condo/Co-op,4900 Avenida Del Sol Dr #202,Raleigh,NC,27616-8102,129000,1,1.5,Villages East,768,,1987,9,168,134,Active,,,http://www.redfin.com/NC/Raleigh/4900-Avenida-Del-Sol-Dr-27616/unit-202/home/41175763,TMLS,2411814,N,Y,35.8529152,-78.5768198
MLS Listing,,Single Family Residential,1424 Arapahoe Ridge Dr Unit 540 West Lot 281,Raleigh,NC,27604,452620,5,3,Wake,2653,7448,2021,9,171,89,Active,,,http://www.redfin.com/NC/Raleigh/1605-Arapahoe-Ridge-Dr-27604/unit-540-West-Lot-281/home/176646878,TMLS,2411808,N,Y,35.8082553,-78.5201159
MLS Listing,,Single Family Residential,1428 Arapahoe Ridge Dr Unit 540 West Lot 280,Raleigh,NC,27604,410580,4,2,Wake,1775,7579,2021,9,231,89,Active,,,http://www.redfin.com/NC/Raleigh/1605-Arapahoe-Ridge-Dr-27604/unit-540-West-Lot-280/home/176646835,TMLS,2411807,N,Y,35.8082553,-78.5201159
MLS Listing,,Single Family Residential,4204 Webster Ct,Raleigh,NC,27609,649900,4,3,Hickory Hills,2232,17859,1974,9,291,,Active,October-16-2021 02:00 PM,October-16-2021 04:00 PM,http://www.redfin.com/NC/Raleigh/4204-Webster-Ct-27609/home/41122497,TMLS,2411799,N,Y,35.8400117,-78.6196804
MLS Listing,,Single Family Residential,1500 Arapahoe Ridge Dr Unit 540 West Lot 279,Raleigh,NC,27604,435920,4,2.5,Wake,2337,7579,2021,9,187,89,Active,,,http://www.redfin.com/NC/Raleigh/1605-Arapahoe-Ridge-Dr-27604/unit-540-West-Lot-279/home/176646683,TMLS,2411796,N,Y,35.8082553,-78.5201159
MLS Listing,,Single Family Residential,1512 Garden Passage Dr Unit 540 West Lot 305,Raleigh,NC,27604,406630,3,2.5,Wake,2083,7666,2021,9,195,89,Active,,,http://www.redfin.com/NC/Unknown/1512-Garden-Passage-Dr-27604/unit-540-West-Lot-305/home/176645392,TMLS,2411794,N,Y,35.807339,-78.52144
MLS Listing,,Single Family Residential,1516 Arapahoe Ridge Dr Unit 540 West Lot 304,Raleigh,NC,27604,416880,4,2.5,Wake,2337,7666,2021,9,178,89,Active,,,http://www.redfin.com/NC/Raleigh/1605-Arapahoe-Ridge-Dr-27604/unit-540-West-Lot-304/home/176645292,TMLS,2411792,N,Y,35.8082553,-78.5201159
MLS Listing,,Townhouse,5423 Talserwood Dr,Raleigh,NC,27610,199999,3,1.5,Vineyards,1120,1306,1997,9,179,95,Active,,,http://www.redfin.com/NC/Raleigh/5423-Talserwood-Dr-27610/home/41224386,TMLS,2411783,N,Y,35.7531518,-78.5498591
MLS Listing,,Townhouse,2367 Whistling Straits Way,Raleigh,NC,27604,208900,1,1,Hedingham,715,2178,2004,9,292,120,Active,,,http://www.redfin.com/NC/Raleigh/2367-Whistling-Straits-Way-27604/home/41273654,TMLS,2411782,N,Y,35.8127395,-78.5368808
MLS Listing,,Single Family Residential,7901 Mourning Dove Rd,Raleigh,NC,27615,349000,3,2,Crown Oaks,1375,8276,1983,9,254,,Active,,,http://www.redfin.com/NC/Raleigh/7901-Mourning-Dove-Rd-27615/home/41146743,TMLS,2411762,N,Y,35.8850909,-78.6422896
MLS Listing,,Single Family Residential,1605 Harmont Dr,Raleigh,NC,27603-4937,450000,4,2.5,Colonial Heights,2452,40075,1986,9,184,,Active,,,http://www.redfin.com/NC/Raleigh/1605-Harmont-Dr-27603/home/41163516,TMLS,2411727,N,Y,35.691203,-78.6676413
MLS Listing,,Single Family Residential,3840 Griffis Glen Dr,Raleigh,NC,27610,257000,3,2.5,Griffis Glen,1164,14374,2015,9,221,20,Active,,,http://www.redfin.com/NC/Raleigh/3840-Griffis-Glen-Dr-27610/home/44540442,TMLS,2411707,N,Y,35.7268435,-78.5380345
MLS Listing,,Townhouse,2717 Cypress Pointe Ln,Raleigh,NC,27614,358000,3,2.5,Wake,1701,1742,2016,10,210,247,Active,October-16-2021 02:00 PM,October-16-2021 04:00 PM,http://www.redfin.com/NC/Raleigh/2717-Cypress-Point-Ln-27614/home/59281415,TMLS,2411688,N,Y,35.9565598,-78.5567892
MLS Listing,,Single Family Residential,202 Myers Ave,Raleigh,NC,27604,679900,4,2.5,Belvidere Park,2185,8276,2021,10,311,,Active,,,http://www.redfin.com/NC/Raleigh/202-Myers-Ave-27604/home/41081852,TMLS,2411665,N,Y,35.8001487,-78.6210991
MLS Listing,,Single Family Residential,2205 Misskelly Dr,Raleigh,NC,27612-5818,649900,4,3,Country Woods Estates,3030,12196,1990,10,214,,Pre On-Market,,,http://www.redfin.com/NC/Raleigh/2205-Misskelly-Dr-27612/home/41181394,TMLS,2411654,N,Y,35.8511958,-78.6752632
MLS Listing,,Townhouse,6608 Pathfinder Way,Raleigh,NC,27616,389990,3,2.5,Wake,2285,2178,2022,10,171,135,Active,,,http://www.redfin.com/NC/Brentwood/6608-Pathfinder-WAY-27616/home/176624372,TMLS,2411644,N,Y,35.84837436,-78.53424862
MLS Listing,,Townhouse,6610 Pathfinder Way,Raleigh,NC,27616,369990,3,2.5,Wake,1961,2178,2021,10,189,135,Active,,,http://www.redfin.com/NC/Brentwood/6610-Pathfinder-WAY-27616/home/176623811,TMLS,2411634,N,Y,35.84768187,-78.53579053
MLS Listing,,Single Family Residential,2611 Sherborne Pl,Raleigh,NC,27612-2952,1295000,3,3,Country Life Estates,3777,65775,1966,10,343,,Active,,,http://www.redfin.com/NC/Raleigh/2611-Sherborne-Pl-27612/home/41106846,TMLS,2411621,N,Y,35.8554262,-78.6777447
MLS Listing,,Single Family Residential,10609 Longholme Way,Raleigh,NC,27614,575000,4,2.5,Bedford at Falls River,3032,6969,2005,10,190,69,Pre On-Market,,,http://www.redfin.com/NC/Raleigh/10609-Longholme-Way-27614/home/41277666,TMLS,2411614,N,Y,35.9258979,-78.5639596
MLS Listing,,Single Family Residential,2213 Carthage Cir,Raleigh,NC,27604,315000,4,3,Trawick Downs,2003,9147,1988,10,157,,Active,,,http://www.redfin.com/NC/Raleigh/2213-Carthage-Cir-27604/home/41173564,TMLS,2411605,N,Y,35.8093194,-78.5797694
MLS Listing,,Condo/Co-op,145 Jones Franklin Rd Unit B,Raleigh,NC,27606,190000,2,1.5,Dutch Village,984,,1968,10,193,200,Active,,,http://www.redfin.com/NC/Raleigh/145-Jones-Franklin-Rd-27606/unit-B/home/41324827,TMLS,2411600,N,Y,35.7824645,-78.7209004
MLS Listing,,Townhouse,5308 Big Bass Dr,Raleigh,NC,27610,209900,3,2.5,EdgeWtr,1372,1742,2005,10,153,100,Active,,,http://www.redfin.com/NC/Raleigh/5308-Big-Bass-Dr-27610/home/41297287,TMLS,2411593,N,Y,35.7970242,-78.5446901
MLS Listing,,Single Family Residential,728 Cooper Rd,Raleigh,NC,27610,299900,3,2,Worth Dale,1206,10018,1962,10,249,,Active,,,http://www.redfin.com/NC/Raleigh/728-Cooper-Rd-27610/home/41093878,TMLS,2411592,N,Y,35.7674299,-78.586511
MLS Listing,,Single Family Residential,5253 Covington Bend Dr,Raleigh,NC,27612,445000,3,2.5,Harrington Grove,2270,11761,1994,10,196,20,Active,October-16-2021 12:00 PM,October-16-2021 02:00 PM,http://www.redfin.com/NC/Raleigh/5253-Covington-Bend-Dr-27613/home/41202609,TMLS,2411563,N,Y,35.9245163,-78.7428163
MLS Listing,,Single Family Residential,1301 Glen Eden Dr,Raleigh,NC,27612,895000,4,3.5,Glen Eden,4424,19166,1965,10,202,,Active,,,http://www.redfin.com/NC/Raleigh/1301-Glen-Eden-Dr-27612/home/41340302,TMLS,2411553,N,Y,35.8249287,-78.6807578
MLS Listing,,Single Family Residential,404 Brooks Ave,Raleigh,NC,27607,899000,4,3,Bedford Heights,3250,8276,2002,10,277,,Active,,,http://www.redfin.com/NC/Raleigh/404-Brooks-Ave-27607/home/41264645,TMLS,2411548,N,Y,35.793535,-78.6726931
MLS Listing,,Single Family Residential,5808 Heatherbrook Cir,Raleigh,NC,27612,445000,3,2.5,Fieldstream Farm,2005,20473,1989,10,222,,Active,,,http://www.redfin.com/NC/Raleigh/5808-Heatherbrook-Cir-27612/home/41143715,TMLS,2411537,N,Y,35.8674401,-78.6692366
MLS Listing,,Townhouse,686 Cupola Dr,Raleigh,NC,27603,299900,2,2.5,Renaissance Park,1897,1306,2010,10,158,77,Pre On-Market,,,http://www.redfin.com/NC/Raleigh/686-Cupola-Dr-27603/home/41328026,TMLS,2411534,N,Y,35.7325539,-78.6605394
MLS Listing,,Single Family Residential,3008 Landing Falls Ln,Raleigh,NC,27616,425000,4,2.5,Landings at Neuse Crossing,3292,6969,2007,10,129,18,Active,,,http://www.redfin.com/NC/Raleigh/3008-Landing-Falls-Ln-27616/home/41313061,TMLS,2411509,N,Y,35.872516,-78.5301913
MLS Listing,,Single Family Residential,1000 Casa Dega Way,Raleigh,NC,27615,1850000,4,5,Wake,5517,29620,2021,10,335,125,Pre On-Market,,,http://www.redfin.com/NC/RALEIGH/1000-CASA-DEGA-WAY-Unknown/home/174381235,TMLS,2411505,N,Y,35.92164,-78.679621
MLS Listing,,Single Family Residential,4001 Ingram Dr,Raleigh,NC,27604,427000,3,2.5,Brentwood Estates,1753,15246,1968,10,244,,Pre On-Market,,,http://www.redfin.com/NC/Raleigh/4001-Ingram-Dr-27604/home/41100514,TMLS,2411495,N,Y,35.8345332,-78.5901034
MLS Listing,,Townhouse,7702 Ohmann Ct,Raleigh,NC,27615,286900,2,1.5,Crown Oaks,1593,871,1985,11,180,185,Active,,,http://www.redfin.com/NC/Raleigh/7702-Ohmann-Ct-27615/home/41152491,TMLS,2411454,N,Y,35.8852737,-78.645118
MLS Listing,,Single Family Residential,8709 Oneal Rd,Raleigh,NC,27613,525500,4,2.5,Springdale Estates,2300,28749,1973,11,228,,Active,,,http://www.redfin.com/NC/Raleigh/8709-Oneal-Rd-27613/home/41123035,TMLS,2411448,N,Y,35.8982001,-78.7111939
MLS Listing,,Single Family Residential,3205 Fairforest Pl,Raleigh,NC,27604,360000,3,2.5,Brentwood,2307,15246,1963,11,156,,Pre On-Market,,,http://www.redfin.com/NC/Raleigh/3205-Fairforest-Pl-27604/home/41077196,TMLS,2411444,N,Y,35.8237582,-78.6027423
MLS Listing,,Single Family Residential,1429 Hoke Landing Ln,Raleigh,NC,27603,629900,4,3.5,Hoke Landing,2987,41817,2016,11,211,30,Active,,,http://www.redfin.com/NC/Raleigh/1429-Hoke-Landing-Ln-27603/home/59280744,TMLS,2411439,N,Y,35.6149979,-78.6313687
MLS Listing,,Townhouse,2121 Piney Brook Rd #102,Raleigh,NC,27614,265900,2,2.5,Breezewood,1272,,2005,12,209,225,Active,,,http://www.redfin.com/NC/Raleigh/2121-Piney-Brook-Rd-27614/unit-102/home/41310520,TMLS,2411402,N,Y,35.9241317,-78.5682199
MLS Listing,,Condo/Co-op,2518 Avent Ferry Rd #103,Raleigh,NC,27606,226900,2,2,Avery Close Condos,1165,,1984,12,195,155,Active,,,http://www.redfin.com/NC/Raleigh/2518-Avent-Ferry-Rd-27606/unit-103/home/41153757,TMLS,2411373,N,Y,35.7738759,-78.6844166
MLS Listing,,Single Family Residential,3512 Sunbright Ln,Raleigh,NC,27610,345500,4,2.5,Sunny Brook,2098,4791,2006,12,165,16,Pre On-Market,,,http://www.redfin.com/NC/Raleigh/3512-Sunbright-Ln-27610/home/41298857,TMLS,2411368,N,Y,35.7520782,-78.5888173
MLS Listing,,Single Family Residential,2006 Myron Dr,Raleigh,NC,27607,599000,3,2.5,Meredith Woods,2457,12632,1966,12,244,,Active,,,http://www.redfin.com/NC/Raleigh/2006-Myron-Dr-27607/home/41078014,TMLS,2411363,N,Y,35.8098219,-78.6957776
MLS Listing,,Townhouse,330 Gilman Ln #109,Raleigh,NC,27610-2487,229900,3,2.5,Anderson Pointe,1746,871,2006,12,132,160,Pre On-Market,,,http://www.redfin.com/NC/Raleigh/330-Gilman-Ln-27610/unit-109/home/41315679,TMLS,2411357,N,Y,35.7746859,-78.5453557
MLS Listing,,Single Family Residential,413 Amelia Ave,Raleigh,NC,27615-1502,599999,3,3.5,Stonebridge,3730,50094,1979,12,161,73,Active,,,http://www.redfin.com/NC/Raleigh/413-Amelia-Ave-27615/home/41131244,TMLS,2411355,N,Y,35.914241,-78.6593539
MLS Listing,,Single Family Residential,2416 Clinedale Ct,Raleigh,NC,27615,609900,4,4.5,Wake,2833,6969,2018,13,215,38,Active,October-16-2021 11:00 AM,October-16-2021 01:00 PM,http://www.redfin.com/NC/Raleigh/2416-Clinedale-Ct-27615/home/109244133,TMLS,2411297,N,Y,35.8859017,-78.5978278
MLS Listing,,Townhouse,1258 Silver Beach Way,Raleigh,NC,27606,418200,3,2.5,Silver Lake Bluffs,1963,2178,2011,13,213,97,Active,,,http://www.redfin.com/NC/Raleigh/1258-Silver-Beach-Way-27606/home/41360829,TMLS,2411254,N,Y,35.7482412,-78.7290879
MLS Listing,,Single Family Residential,9406 Foxgrove Ct,Raleigh,NC,27617-8622,649990,4,2.5,Brier Creek Country Club,3290,7840,2005,13,198,171,Pre On-Market,,,http://www.redfin.com/NC/Raleigh/9406-Foxgrove-Ct-27617/home/41304014,TMLS,2411234,N,Y,35.9066201,-78.805721
MLS Listing,,Single Family Residential,1748 Wysong Ct,Raleigh,NC,27612-6443,605000,2,3,Inman Park,2317,6969,2004,13,261,51,Active,,,http://www.redfin.com/NC/Raleigh/1748-Wysong-Ct-27612/home/41252488,TMLS,2411221,N,Y,35.8437221,-78.6719725
MLS Listing,,Single Family Residential,7232 Barn Owl Ln,Raleigh,NC,27614,1115000,4,4,Wake,3915,47916,2021,13,285,100,Active,,,http://www.redfin.com/NC/RALEIGH/7232-BARN-OWL-LN-27614/home/171421535,TMLS,2411199,N,Y,35.978598,-78.664019
MLS Listing,,Single Family Residential,7728 Wakebrook Dr,Raleigh,NC,27616,395000,3,2.5,Wakebrook Estates,2347,30056,1975,13,168,,Active,October-16-2021 01:00 PM,October-16-2021 03:00 PM,http://www.redfin.com/NC/Raleigh/7728-Wakebrook-Dr-27616/home/41123342,TMLS,2411177,N,Y,35.8590552,-78.5050047
MLS Listing,,Townhouse,6611 Academic Ave,Raleigh,NC,27616,439900,4,3.5,Wake,2101,3920,2018,13,209,147,Active,,,http://www.redfin.com/NC/Brentwood/6611-Academic-Ave-27616/home/163328944,TMLS,2411171,N,Y,35.86245,-78.53334
MLS Listing,,Single Family Residential,4104 Brewster Dr,Raleigh,NC,27606,549000,4,3,Driftwood Estates,2192,15681,1974,13,250,,Active,,,http://www.redfin.com/NC/Raleigh/4104-Brewster-Dr-27606/home/41336949,TMLS,2411170,N,Y,35.7847902,-78.7091942
MLS Listing,,Townhouse,1113 Falling Rock Pl,Durham,NC,27703,485000,4,3.5,Durham,2227,1742,2021,13,218,176,Active,,,http://www.redfin.com/NC/DURHAM/1113-FALLING-ROCK-PL-27703/home/174957253,TMLS,2411164,N,Y,35.923141,-78.773102
MLS Listing,,Townhouse,5758 Three Oaks Dr,Raleigh,NC,27612,299000,3,2.5,Ridgeloch Townes,1402,871,1979,13,213,215,Pre On-Market,,,http://www.redfin.com/NC/Raleigh/5758-3-Oaks-Dr-27612/home/41334831,TMLS,2411150,N,Y,35.85709,-78.665957
MLS Listing,,Townhouse,1614 Oakland Hills Way,Raleigh,NC,27604,230000,2,2.5,Hedingham,1206,3049,1995,13,191,120,Active,,,http://www.redfin.com/NC/Raleigh/1614-Oakland-Hills-Way-27604/home/41187122,TMLS,2411135,N,Y,35.8064363,-78.5452447
MLS Listing,,Townhouse,8496 Central Dr,Raleigh,NC,27613,290000,2,2.5,Camden Park,1258,1306,2003,13,231,144,Active,,,http://www.redfin.com/NC/Raleigh/8496-Central-Dr-27613/home/41288854,TMLS,2411119,N,Y,35.8956251,-78.7397403
MLS Listing,,Townhouse,8810 Leeshire Ln,Raleigh,NC,27615,599900,3,2.5,Traemoor Village,3435,10018,2003,13,175,326,Active,,,http://www.redfin.com/NC/Raleigh/8810-Leeshire-Ln-27615/home/41291656,TMLS,2411110,N,Y,35.9011111,-78.6710535
MLS Listing,,Single Family Residential,3805 Hamlin Ct,Raleigh,NC,27616,425000,4,3,Landings at Neuse Crossing,3200,12196,2007,13,133,18,Active,,,http://www.redfin.com/NC/Raleigh/3805-Hamlin-Ct-27616/home/41312546,TMLS,2411108,N,Y,35.8728256,-78.5331866
MLS Listing,,Single Family Residential,5104 Newcastle Dr,Raleigh,NC,27606,425000,4,2.5,Cardinal Hills,2127,13939,1960,13,200,,Pre On-Market,October-23-2021 01:00 PM,October-23-2021 03:00 PM,http://www.redfin.com/NC/Raleigh/5104-Newcastle-Rd-27606/home/41091922,TMLS,2411107,N,Y,35.7742936,-78.7080931
MLS Listing,,Single Family Residential,4312 Pickwick Dr,Raleigh,NC,27613,430000,4,3.5,Pickwick Village,2476,15681,1977,13,174,,Active,,,http://www.redfin.com/NC/Raleigh/4312-Pickwick-Dr-27613/home/41126576,TMLS,2411100,N,Y,35.8694482,-78.7026554
MLS Listing,,Single Family Residential,5037 Delta Lake Dr,Raleigh,NC,27612-7079,399000,3,2.5,Delta Ridge,1802,6098,1999,13,221,30,Active,,,http://www.redfin.com/NC/Raleigh/5037-Delta-Lake-Dr-27612/home/41240943,TMLS,2411087,N,Y,35.8541361,-78.7179931
MLS Listing,,Single Family Residential,1109 Bedstone Ct,Raleigh,NC,27603,825000,3,3.5,Wake,3809,81021,2018,13,217,37,Active,,,http://www.redfin.com/NC/Raleigh/1109-Bedstone-Ct-27603/home/145206378,TMLS,2411086,N,Y,35.7138159,-78.6784466
MLS Listing,,Single Family Residential,1936 Amethyst Ridge Dr,Raleigh,NC,27604,1100000,4,3.5,Lewis Farm,5929,130680,1994,13,186,,Pre On-Market,,,http://www.redfin.com/NC/Raleigh/1936-Amethyst-Ridge-Rd-27604/home/41186448,TMLS,2411077,N,Y,35.826781,-78.4953057
MLS Listing,,Single Family Residential,623 Effie Way,Raleigh,NC,27603,609000,3,2.5,Wake,1806,2613,2015,13,337,13,Active,,,http://www.redfin.com/NC/Raleigh/623-Effie-Way-27603/home/59280681,TMLS,2411075,N,Y,35.7708152,-78.649166
MLS Listing,,Single Family Residential,10129 Darling St,Raleigh,NC,27613,630000,5,4,Leesville Hollow,3236,10890,2005,13,195,,Active,,,http://www.redfin.com/NC/Raleigh/10129-Darling-St-27613/home/41358550,TMLS,2411069,N,Y,35.922177,-78.7565206
MLS Listing,,Single Family Residential,2642 St Marys St,Raleigh,NC,27609,1395000,4,3.5,Woodrow Park,4003,11761,2005,13,348,,Active,,,http://www.redfin.com/NC/Raleigh/2642-St-Marys-St-27609/home/41116554,TMLS,2411046,N,Y,35.8182598,-78.6508886
MLS Listing,,Condo/Co-op,618 N Boylan Ave #100,Raleigh,NC,27603,229000,0,,Paramount,356,,2005,13,643,259,Active,,,http://www.redfin.com/NC/Raleigh/618-N-Boylan-Ave-27603/unit-100/home/176582832,TMLS,2411036,N,Y,35.7880961,-78.648473
MLS Listing,,Single Family Residential,4809 Pearl Rd,Raleigh,NC,27610,439900,5,3,Wake,2960,37897,1971,14,149,,Active,,,http://www.redfin.com/NC/Raleigh/4809-Pearl-Rd-27610/home/41087767,TMLS,2410992,N,Y,35.7222753,-78.5515117
MLS Listing,,Single Family Residential,2913 Spaldwick Ct,Raleigh,NC,27613-5472,1695000,4,6.5,Stonemoor,7425,44866,2005,14,228,125,Active,,,http://www.redfin.com/NC/Raleigh/2913-Spaldwick-Ct-27613/home/41282825,TMLS,2410974,N,Y,35.9375126,-78.6920118
MLS Listing,,Single Family Residential,4809 Hedgerow Dr,Raleigh,NC,27616,398000,3,2.5,Fox Glen,1493,11325,1990,14,267,,Active,,,http://www.redfin.com/NC/Raleigh/4809-Hedgerow-Dr-27616/home/41181233,TMLS,2410968,N,Y,35.8673791,-78.5617599
MLS Listing,,Single Family Residential,2612 Iman Dr,Raleigh,NC,27615-3875,495000,4,2.5,Alyson Pond,3025,11325,1992,14,164,51,Active,,,http://www.redfin.com/NC/Raleigh/2612-Iman-Dr-27615/home/41338454,TMLS,2410958,N,Y,35.8938586,-78.5977313
MLS Listing,,Single Family Residential,302 N State St,Raleigh,NC,27601,685000,4,3.5,Wake,2071,3920,2021,14,331,,Active,,,http://www.redfin.com/NC/Raleigh/302-N-State-St-27601/home/163175395,TMLS,2410904,N,Y,35.7836435,-78.623106
MLS Listing,,Single Family Residential,2308 August Way,Raleigh,NC,27610,300000,4,3,Brandywood,2085,10890,1998,14,144,,Pre On-Market,,,http://www.redfin.com/NC/Raleigh/2308-August-Way-27610/home/41227466,TMLS,2410885,N,Y,35.7472749,-78.5426824
MLS Listing,,Single Family Residential,317 Quail Dr,Raleigh,NC,27604,675000,4,2.5,Woodcrest,1650,20037,1958,14,409,,Active,,,http://www.redfin.com/NC/Raleigh/317-Quail-Dr-27604/home/41088952,TMLS,2410871,N,Y,35.8027286,-78.615956
MLS Listing,,Condo/Co-op,618 N Boylan Ave #528,Raleigh,NC,27603-1287,477415,2,2,Paramount,1267,,2005,14,377,518,Active,,,http://www.redfin.com/NC/Raleigh/618-N-Boylan-Ave-27603/unit-528/home/41302590,TMLS,2410853,N,Y,35.7880961,-78.648473
MLS Listing,,Condo/Co-op,9221 Calabria Dr #108,Raleigh,NC,27617,369900,3,2.5,Wake,2028,,2007,14,182,252,Pre On-Market,,,http://www.redfin.com/NC/Raleigh/9221-Calabria-Dr-27617/unit-108/home/41361318,TMLS,2410852,N,Y,35.8992991,-78.7978214
MLS Listing,,Single Family Residential,5708 Rangeley Dr,Raleigh,NC,27609,379000,3,2,Northclift,1628,10890,1969,14,233,,Active,,,http://www.redfin.com/NC/Raleigh/5708-Rangeley-Dr-27609/home/41081969,TMLS,2410848,N,Y,35.8602572,-78.641935
MLS Listing,,Townhouse,4702 Springerly Ln,Raleigh,NC,27612,414000,3,2.5,Glenwood North Townhomes,2265,1742,2008,14,183,166,Active,,,http://www.redfin.com/NC/Raleigh/4702-Springerly-Ln-27612/home/41326752,TMLS,2410770,N,Y,35.8617869,-78.7174751
MLS Listing,,Single Family Residential,6732 Greywalls Ln,Raleigh,NC,27614-9999,2499000,5,5.5,Trego,7438,149846,1996,14,336,100,Active,,,http://www.redfin.com/NC/Raleigh/6732-Greywalls-Ln-27614/home/41165259,TMLS,2410752,N,Y,35.9344059,-78.6203811
MLS Listing,,Single Family Residential,1412 E Jones St,Raleigh,NC,27610,565000,3,3,College Park,2032,4356,1924,15,278,,Active,,,http://www.redfin.com/NC/Raleigh/1412-E-Jones-St-27610/home/41096209,TMLS,2410730,N,Y,35.7817277,-78.6198577
MLS Listing,,Single Family Residential,1021 Palace Garden Way,Raleigh,NC,27603,647000,6,5,Renaissance Park,3242,7840,2013,15,200,74,Active,,,http://www.redfin.com/NC/Raleigh/1021-Palace-Garden-Way-27603/home/50257600,TMLS,2410722,N,Y,35.7400519,-78.6569163
MLS Listing,,Single Family Residential,9627 Bartons Creek Rd,Raleigh,NC,27615-9709,649000,4,2.5,Wake,2506,96703,1974,15,259,,Active,,,http://www.redfin.com/NC/Raleigh/9627-Barton-Creek-Rd-27615/home/41106414,TMLS,2410707,N,Y,35.9107713,-78.6124532
MLS Listing,,Condo/Co-op,3001 Anderson Dr #204,Raleigh,NC,27609,450000,3,2,Anderson Place,1375,,1995,15,327,350,Active,,,http://www.redfin.com/NC/Raleigh/3001-Anderson-Dr-27609/unit-204/home/41208084,TMLS,2410668,N,Y,35.8219096,-78.6338006
MLS Listing,,Townhouse,2829 Plumfield Pl,Raleigh,NC,27607,499900,2,2.5,Wake,1824,1742,2015,15,274,225,Active,,,http://www.redfin.com/NC/Raleigh/2829-Plumfield-Pl-27607/home/59280260,TMLS,2410667,N,Y,35.8004884,-78.6725265
MLS Listing,,Townhouse,2821 Plumfield Pl,Raleigh,NC,27607,484900,2,2.5,Wake,1661,1306,2015,15,292,225,Active,,,http://www.redfin.com/NC/Raleigh/2821-Plumfield-Pl-27607/home/59280261,TMLS,2410666,N,Y,35.8004918,-78.6724303
MLS Listing,,Townhouse,2809 Plumfield Pl,Raleigh,NC,27607,499900,2,2.5,Wake,1824,1742,2015,15,274,225,Active,,,http://www.redfin.com/NC/Raleigh/2809-Plumfield-Pl-27607/home/59280268,TMLS,2410665,N,Y,35.8004834,-78.6721511
MLS Listing,,Condo/Co-op,710 Independence Pl #606,Raleigh,NC,27603,1375000,3,3.5,Bloomsbury Estates,2389,,2009,15,576,455,Active,,,http://www.redfin.com/NC/Raleigh/710-Independence-Pl-27603/unit-606/home/41332661,TMLS,2410614,N,Y,35.7783543,-78.6500111
MLS Listing,,Single Family Residential,1501 Hoke Landing Ln,Raleigh,NC,27603,614000,3,2.5,Hoke Landing,3082,31798,2018,15,199,30,Active,,,http://www.redfin.com/NC/Raleigh/1501-Hoke-Landing-Ln-27603/home/59280743,TMLS,2410611,N,Y,35.6129969,-78.6290391
MLS Listing,,Townhouse,218 St Marys St #5,Raleigh,NC,27603,1590000,3,4,Wake,3450,1742,2019,15,461,250,Active,,,http://www.redfin.com/NC/Raleigh/218-Saint-Marys-St-27605/unit-5/home/176565492,TMLS,2410600,N,Y,35.7838594,-78.6504806
MLS Listing,,Single Family Residential,12900 Billingsgate Ln,Raleigh,NC,27614,2995000,7,9,Wakefield,17514,62290,2003,15,171,23,Active,,,http://www.redfin.com/NC/Raleigh/12900-Billingsgate-Ln-27614/home/41274965,TMLS,2410596,N,Y,35.9622541,-78.5568803
MLS Listing,,Townhouse,10049 Lynnberry Pl,Raleigh,NC,27617,397200,3,2.5,Seville,1788,2613,2013,15,222,165,Active,,,http://www.redfin.com/NC/Raleigh/10049-Lynnberry-Pl-27617/home/45408445,TMLS,2410564,N,Y,35.898056,-78.805376
MLS Listing,,Townhouse,4906 Ravelstone Ct,Raleigh,NC,27610,282100,3,2.5,Fieldstone Crossing,1624,,2008,15,174,109,Active,,,http://www.redfin.com/NC/Raleigh/4906-Ravel-Stone-Ct-27610/home/41318112,TMLS,2410563,N,Y,35.7599542,-78.5582756
MLS Listing,,Multi-Family (2-4 Unit),5131-5133 Lundy Dr,Raleigh,NC,27606,575000,4,2,Fairview Hills,1836,17859,1965,15,313,,Active,,,http://www.redfin.com/NC/Raleigh/5131-Lundy-Dr-27606/home/44558873,TMLS,2410557,N,Y,35.7782719,-78.7197367
MLS Listing,,Single Family Residential,707 E Martin St,Raleigh,NC,27601,461100,3,2.5,Wake,1262,6534,2015,15,365,,Active,,,http://www.redfin.com/NC/Raleigh/707-E-Martin-St-27601/home/109537026,TMLS,2410559,N,Y,35.7766861,-78.627439
MLS Listing,,Single Family Residential,3200 Tanager St,Raleigh,NC,27606,799900,3,4,Wake,3180,63597,1985,15,252,,Active,October-17-2021 01:00 PM,October-17-2021 03:00 PM,http://www.redfin.com/NC/Raleigh/3200-Tanager-St-27606/home/41069350,TMLS,2410528,N,Y,35.7589071,-78.6949802
MLS Listing,,Single Family Residential,1433 Bridgeport Dr,Raleigh,NC,27615,490000,4,2.5,Emerald Chase,2462,15246,1987,15,199,26,Active,,,http://www.redfin.com/NC/Raleigh/1433-Bridgeport-Dr-27615/home/41229697,TMLS,2410495,N,Y,35.8938215,-78.6633426
MLS Listing,,Single Family Residential,3101 Crandon Ln,Raleigh,NC,27604,375000,3,2,Brentwood,1352,23958,1977,16,277,,Active,October-16-2021 02:00 PM,October-16-2021 04:00 PM,http://www.redfin.com/NC/Raleigh/3101-Crandon-Ln-27604/home/41082448,TMLS,2410448,N,Y,35.8231606,-78.5973765
MLS Listing,,Condo/Co-op,2610 Oldgate Dr #103,Raleigh,NC,27604-4442,236000,2,2,Mellowfield Condominiums,1036,,2006,16,228,228,Active,,,http://www.redfin.com/NC/Raleigh/2610-Oldgate-Dr-27604/unit-103/home/41321387,TMLS,2410415,N,Y,35.8170207,-78.6145701
MLS Listing,,Multi-Family (2-4 Unit),3218 Poole Rd,Raleigh,NC,27610,409000,5,2,Wake,1100,13503,1963,16,372,,Active,October-17-2021 09:00 AM,October-17-2021 07:00 PM,http://www.redfin.com/NC/Raleigh/3218-Poole-Rd-27610/home/41312136,TMLS,2410367,N,Y,35.7717544,-78.5846483
MLS Listing,,Single Family Residential,1241 Daladams St,Raleigh,NC,27603,325000,3,1,Fuller Heights,1005,4791,1965,16,323,,Active,,,http://www.redfin.com/NC/Raleigh/1241-Daladams-St-27603/home/41098783,TMLS,2410280,N,Y,35.7635984,-78.6545119
MLS Listing,,Single Family Residential,3300 Stone Castle Ct,Raleigh,NC,27613,593000,5,3,Parklyn Woods,2896,10890,1996,16,205,,Active,,,http://www.redfin.com/NC/Raleigh/3300-Stone-Castle-Ct-27613/home/41207617,TMLS,2410274,N,Y,35.8900802,-78.6951574
MLS Listing,,Condo/Co-op,6335 New Market Way #0,Raleigh,NC,27615,275000,3,3,North Ridge,2106,,1969,16,131,332,Active,,,http://www.redfin.com/NC/Raleigh/6335-New-Market-Way-27615/home/41149452,TMLS,2410246,N,Y,35.870039,-78.617933
MLS Listing,,Single Family Residential,7413 Laketree Dr,Raleigh,NC,27615-3434,431000,2,2,Raintree,1959,20473,1983,16,220,,Active,,,http://www.redfin.com/NC/Raleigh/7413-Laketree-Dr-27615/home/41135582,TMLS,2410236,N,Y,35.8933641,-78.6228708
MLS Listing,,Single Family Residential,6705 Winding Trl,Raleigh,NC,27612-2446,370000,3,2.5,Hidden Valley,1983,16117,1975,17,187,,Active,,,http://www.redfin.com/NC/Raleigh/6705-Winding-Trl-27612/home/41119547,TMLS,2410209,N,Y,35.8710736,-78.6605948
MLS Listing,,Condo/Co-op,2840 Edridge Ct #201,Raleigh,NC,27614,249900,2,2,Ridgecroft,955,,1985,17,262,185,Active,,,http://www.redfin.com/NC/Raleigh/2840-Edridge-Ct-27612/unit-201/home/41241100,TMLS,2410206,N,Y,35.820864,-78.700517
MLS Listing,,Single Family Residential,4405 Whisperwood Dr,Raleigh,NC,27616,293000,3,2.5,Smoketree,1406,8712,1985,17,208,,Active,,,http://www.redfin.com/NC/Raleigh/4405-Whisperwood-Dr-27616/home/41337057,TMLS,2410177,N,Y,35.8813337,-78.5665953
MLS Listing,,Single Family Residential,2800 Combe Hill Trl,Raleigh,NC,27613,1150000,4,4.5,Wildwood Green,6325,13503,1992,17,182,65,Active,,,http://www.redfin.com/NC/Raleigh/2800-Combe-Hill-Trl-27613/home/41167528,TMLS,2410174,N,Y,35.9122609,-78.6864514
MLS Listing,,Townhouse,3247 Lynn Rd #19,Raleigh,NC,27613,487099,4,3.5,Wake,2405,1742,2022,17,203,200,Active,,,http://www.redfin.com/NC/Raleigh/3247-Lynn-Rd-27613/unit-19/home/176547711,TMLS,2410104,N,Y,35.8719367,-78.7021973
MLS Listing,,Townhouse,5754 Three Oaks Dr,Raleigh,NC,27612,205000,2,1.5,Ridgeloch,871,435,1979,17,235,215,Active,,,http://www.redfin.com/NC/Raleigh/5754-3-Oaks-Dr-27612/home/41135740,TMLS,2410101,N,Y,35.857102,-78.665848
MLS Listing,,Single Family Residential,7108 Ray Rd,Raleigh,NC,27613,389000,3,2.5,Hampton Oaks,1835,13068,1977,18,212,,Active,,,http://www.redfin.com/NC/Raleigh/7108-Ray-Rd-27613/home/41129783,TMLS,2410067,N,Y,35.8763307,-78.6897965
MLS Listing,,Single Family Residential,805 Lake Brandon Trl,Raleigh,NC,27610,317000,3,2.5,Village Lakes,1490,6534,1994,18,213,,Active,,,http://www.redfin.com/NC/Raleigh/805-Lake-Brandon-Trl-27610/home/41200297,TMLS,2410036,N,Y,35.7843702,-78.5503582
MLS Listing,,Single Family Residential,1515 Courtland Dr,Raleigh,NC,27604,639900,5,3,Mordecai,2210,7840,1944,19,290,,Active,,,http://www.redfin.com/NC/Raleigh/1515-Courtland-Dr-27604/home/41080600,TMLS,2410023,N,Y,35.7992567,-78.6264083
MLS Listing,,Single Family Residential,550 E Edenton St,Raleigh,NC,27601,2100000,4,3.5,Wake,3732,6969,2008,19,563,,Active,,,http://www.redfin.com/NC/Raleigh/550-E-Edenton-St-27601/home/41095436,TMLS,2410018,N,Y,35.7806451,-78.6298995
MLS Listing,,Single Family Residential,8813 Deerland Grove Dr,Raleigh,NC,27615,475000,4,3,Hunters Knoll,2568,8712,1997,19,185,,Active,,,http://www.redfin.com/NC/Raleigh/8813-Deerland-Grove-Dr-27615/home/41210466,TMLS,2410001,N,Y,35.8978195,-78.5816323
MLS Listing,,Single Family Residential,5404 Holly Cir,Raleigh,NC,27603-4306,325000,3,2,Rangewood,1739,27442,1966,19,187,,Active,,,http://www.redfin.com/NC/Raleigh/5404-Holly-Cir-27603/home/41070435,TMLS,2409996,N,Y,35.7072784,-78.6479632
MLS Listing,,Condo/Co-op,6111 Sunpointe Dr #103,Raleigh,NC,27606,202900,2,2.5,Sunpointe Condos,1298,,1985,20,156,321,Active,,,http://www.redfin.com/NC/Raleigh/6111-Sunpointe-Dr-27606/unit-103/home/41162574,TMLS,2409914,N,Y,35.7765798,-78.7431047
MLS Listing,,Townhouse,5813 Nottoway Ct Unit A,Raleigh,NC,27609,225000,3,2.5,The Falls Condominiums,1605,,1972,20,140,313,Active,,,http://www.redfin.com/NC/Raleigh/5813-Nottoway-Ct-27609/unit-A/home/41141789,TMLS,2409909,N,Y,35.8607927,-78.6173828
MLS Listing,,Single Family Residential,813 Glascock St,Raleigh,NC,27604-2317,775000,4,3,Wake,2254,7840,2017,20,344,,Active,,,http://www.redfin.com/NC/Raleigh/813-Glascock-St-27604/home/44522298,TMLS,2409898,N,Y,35.7930122,-78.6190597
MLS Listing,,Townhouse,8120 Upper Lake Dr,Raleigh,NC,27615,369000,3,2.5,Allyns Landing,1965,3484,2004,20,188,170,Active,October-16-2021 10:00 AM,October-16-2021 02:00 PM,http://www.redfin.com/NC/Raleigh/8120-Upper-Lake-Dr-27615/home/41273108,TMLS,2409896,N,Y,35.8910565,-78.6541684
MLS Listing,,Townhouse,6612 Pathfinder Way,Raleigh,NC,27616,349990,3,2.5,Wake,1691,2178,2021,20,207,135,Active,,,http://www.redfin.com/NC/Brentwood/6612-Pathfinder-WAY-27616/home/176523310,TMLS,2409887,N,Y,35.84818337,-78.53423593
MLS Listing,,Vacant Land,5820 Donnybrook Dr Lot 3 & 4 Lake Wheeler Village Est,Raleigh,NC,27606,99000,,,Wake,,40946,,20,,,Active,,,http://www.redfin.com/NC/Raleigh/5820-Donnybrook-Rd-27606/unit-3-4-Lake-Wheeler-Village-Est/home/176523276,TMLS,2409879,N,Y,35.708641,-78.713436
MLS Listing,,Single Family Residential,713 Quarry St,Raleigh,NC,27601,449000,3,2.5,Wake,1334,5227,1955,20,337,,Active,,,http://www.redfin.com/NC/Raleigh/713-Quarry-St-27601/home/41095522,TMLS,2409862,N,Y,35.7695048,-78.6232486
MLS Listing,,Townhouse,3249 Lynn Rd #18,Raleigh,NC,27613,493126,4,3.5,Wake,2451,1742,2022,20,201,200,Active,,,http://www.redfin.com/NC/Raleigh/3249-Lynn-Rd-27613/unit-18/home/176521735,TMLS,2409854,N,Y,35.8719367,-78.7021973
MLS Listing,,Single Family Residential,412 Bolin Ct,Raleigh,NC,27603,459000,3,2,Wake,1140,6969,1987,20,403,,Active,,,http://www.redfin.com/NC/Raleigh/412-Bolin-Ct-27603/home/41169254,TMLS,2409830,N,Y,35.7643123,-78.6512875
MLS Listing,,Single Family Residential,4601 Kresson Pl,Raleigh,NC,27616-5221,283000,3,2,North Farms,1092,10018,1989,20,259,,Active,,,http://www.redfin.com/NC/Raleigh/4601-Kresson-Pl-27616/home/41169876,TMLS,2409813,N,Y,35.8501033,-78.5683253
MLS Listing,,Single Family Residential,108 Georgetown Rd,Raleigh,NC,27608,525000,3,2,Georgetown,1370,5227,1918,20,383,,Active,,,http://www.redfin.com/NC/Raleigh/108-Georgetown-Rd-27608/home/41109223,TMLS,2409779,N,Y,35.8061559,-78.6364383
MLS Listing,,Townhouse,6131 Loch Laural Ln,Raleigh,NC,27613,190000,2,1.5,Londonderry Townhomes,986,10890,1985,20,193,126,Active,,,http://www.redfin.com/NC/Raleigh/6131-Loch-Laural-Ln-27613/home/41153728,TMLS,2409775,N,Y,35.8639613,-78.6980503
MLS Listing,,Single Family Residential,1105 Swallow Falls Ln,Raleigh,NC,27614-7378,2400000,5,5,Swallow Cove,6734,80150,2013,20,356,42,Active,,,http://www.redfin.com/NC/Raleigh/1105-Swallow-Falls-Ln-27614/home/49784035,TMLS,2409773,N,Y,35.9586872,-78.6561407
MLS Listing,,Townhouse,3251 Lynn Rd #17,Raleigh,NC,27613,497989,4,3.5,Wake,2532,1742,2022,20,197,200,Active,,,http://www.redfin.com/NC/Raleigh/3251-Lynn-Rd-27613/unit-17/home/176517500,TMLS,2409708,N,Y,35.8719367,-78.7021973
MLS Listing,,Single Family Residential,1112 W Lenoir St,Raleigh,NC,27603,309800,3,1,Boylan Heights,986,2613,1953,20,314,,Active,,,http://www.redfin.com/NC/Raleigh/1112-W-Lenoir-St-27603/home/41072426,TMLS,2409700,N,Y,35.7754662,-78.6530604
MLS Listing,,Single Family Residential,2405 Derby Dr,Raleigh,NC,27610,509000,3,2,Longview Park,1449,10454,1952,20,351,,Active,,,http://www.redfin.com/NC/Raleigh/2405-Derby-Dr-27610/home/41102761,TMLS,2409679,N,Y,35.7874347,-78.6025206
MLS Listing,,Single Family Residential,7904 Brandyapple Dr,Raleigh,NC,27615,399800,3,1.5,Six Forks North,1521,14810,1979,21,263,,Active,,,http://www.redfin.com/NC/Raleigh/7904-Brandyapple-Dr-27615/home/41133539,TMLS,2409667,N,Y,35.8846378,-78.6516421
MLS Listing,,Single Family Residential,2108 Laurel Valley Way,Raleigh,NC,27604,370000,3,2.5,Hedingham,1988,6969,1995,21,186,52,Active,,,http://www.redfin.com/NC/Raleigh/2108-Laurel-Valley-Way-27604/home/41207388,TMLS,2409661,N,Y,35.8116747,-78.5508462
MLS Listing,,Single Family Residential,2714 Rosedale Ave,Raleigh,NC,27607,1330000,6,5.5,University Park,4431,17424,2008,21,300,,Active,,,http://www.redfin.com/NC/Raleigh/2714-Rosedale-Ave-27607/home/41107967,TMLS,2409633,N,Y,35.7965855,-78.6702558
MLS Listing,,Single Family Residential,5312 Cypress Ln,Raleigh,NC,27609,415000,4,2.5,Millbrook Estates,2081,19602,1973,21,199,,Active,,,http://www.redfin.com/NC/Raleigh/5312-Cypress-Ln-27609/home/41073605,TMLS,2409627,N,Y,35.8558383,-78.6101919
MLS Listing,,Single Family Residential,1017 Glascock St,Raleigh,NC,27610,765000,4,3,Wake,2408,11325,2021,21,318,,Active,,,http://www.redfin.com/NC/Raleigh/1017-Glascock-St-27610/home/41121720,TMLS,2409625,N,Y,35.792998,-78.6148899
MLS Listing,,Single Family Residential,2329 Glascock St,Raleigh,NC,27610,365000,3,1,Wake,1012,9147,1955,21,361,,Pre On-Market,October-16-2021 02:00 PM,October-16-2021 04:00 PM,http://www.redfin.com/NC/Raleigh/2329-Glascock-St-27610/home/41111040,TMLS,2409619,N,Y,35.7926325,-78.6049595
MLS Listing,,Single Family Residential,8908 Taymouth Ct,Raleigh,NC,27613-3621,374900,3,3,Village Grove,2232,8712,1984,21,168,,Active,,,http://www.redfin.com/NC/Raleigh/8908-Taymouth-Ct-27613/home/41146753,TMLS,2409567,N,Y,35.8819075,-78.6812452
MLS Listing,,Single Family Residential,1308 Manovill Pl,Raleigh,NC,27609-7412,650000,4,3,Greenwood Farms,2566,18295,1968,21,253,,Active,,,http://www.redfin.com/NC/Raleigh/1308-Manovill-Pl-27609/home/41081314,TMLS,2409564,N,Y,35.8287808,-78.6152466
MLS Listing,,Single Family Residential,10773 Trego Trl,Raleigh,NC,27614,1195000,4,5,Trego,4397,84942,1985,21,272,75,Active,,,http://www.redfin.com/NC/Raleigh/10773-Trego-Trl-27614/home/41154941,TMLS,2409535,N,Y,35.9326796,-78.6153353
MLS Listing,,Single Family Residential,3701 Willow Creek Dr,Raleigh,NC,27604,385000,4,2.5,Willow Creek,2100,31363,1974,21,183,,Active,,,http://www.redfin.com/NC/Raleigh/3701-Willow-Creek-Dr-27604/home/41125136,TMLS,2409505,N,Y,35.8333986,-78.5419281
MLS Listing,,Single Family Residential,7313 Rainwater Rd,Raleigh,NC,27615,925000,5,3.5,North Ridge Estates,4703,19602,1985,21,197,,Pre On-Market,,,http://www.redfin.com/NC/Raleigh/7313-Rainwater-Rd-27615/home/41156277,TMLS,2409494,N,Y,35.8826718,-78.605536
MLS Listing,,Single Family Residential,1419 Garner Rd,Raleigh,NC,27523,550000,3,2.5,Wake,1923,7187,2022,21,286,,Active,,,http://www.redfin.com/NC/Raleigh/1419-Garner-Rd-27610/home/41090505,TMLS,2409483,N,Y,35.7623151,-78.6312073
MLS Listing,,Single Family Residential,1421 Garner Rd,Raleigh,NC,27523,550000,3,2.5,Wake,1923,6969,2021,21,286,,Active,,,http://www.redfin.com/NC/Raleigh/1421-Garner-Rd-27610/home/174382388,TMLS,2409480,N,Y,35.762165,-78.631059
MLS Listing,,Condo/Co-op,2651 Mellowfield Dr #206,Raleigh,NC,27604,315000,3,2,Atlantic Place,1341,,1998,22,235,300,Active,,,http://www.redfin.com/NC/Raleigh/2651-Mellowfield-Dr-27604/unit-206/home/41232992,TMLS,2409440,N,Y,35.8174917,-78.6126193
MLS Listing,,Single Family Residential,2708 Goshawk Ln,Raleigh,NC,27603-5818,419990,3,2,Trailwood Glen,1922,16988,2014,22,219,,Active,,,http://www.redfin.com/NC/Raleigh/2708-Goshawk-Ln-27603/home/44554722,TMLS,2409436,N,Y,35.753828,-78.6800488
MLS Listing,,Single Family Residential,9005 Oneal Rd,Raleigh,NC,27613,619000,4,3,Springdale Estates,3707,57934,1970,22,167,10,Active,,,http://www.redfin.com/NC/Raleigh/9005-Oneal-Rd-27613/home/41092116,TMLS,2409433,N,Y,35.8978966,-78.7199641
MLS Listing,,Townhouse,3810 Carnegie Ln,Raleigh,NC,27612,330000,2,2.5,Carnegie Park,1628,2613,1988,22,203,210,Active,,,http://www.redfin.com/NC/Raleigh/3810-Carnegie-Ln-27612/home/41171764,TMLS,2409420,N,Y,35.833647,-78.6942824
MLS Listing,,Townhouse,5267 Windy Hill Dr,Raleigh,NC,27609,260000,3,2,Sweetbriar Forest,1434,1306,1974,22,181,,Active,,,http://www.redfin.com/NC/Raleigh/5267-Windy-Hill-Dr-27609/home/41120241,TMLS,2409314,N,Y,35.8557726,-78.6082963
MLS Listing,,Townhouse,7321 Water Willow Dr,Raleigh,NC,27617,377900,3,2.5,Mulberry Park,1976,2178,2010,22,191,140,Active,,,http://www.redfin.com/NC/Raleigh/7321-Water-Willow-Dr-27617/home/43609639,TMLS,2409304,N,Y,35.921061,-78.762931
